"ID","Shield","Off","OutTime","EvtDate","Location","Type","Active","LastTime","LastDate","Narrative","Address","Cross_Street","MapLocation","pId","ColorCode","IgnoreTimer","Field1"
59,32,"8C27 - TelXXXXX",12/30/1899 11:15:00,2/27/2015 0:00:00,"GILBERT LAKE","P&R COMP",0,12/30/1899 23:31:00,12/7/2015 0:00:00,"CAR DROVE DOWN PAST CLOSED ROAD SIGN TOWARD MAINTENANCE BARN, NOW CURRENTLY STUCK IN SNOWBANK, REQUESTS 215 PRESENCE FOR POSSIBLE TICKETS",,,"http://maps.googleapis.com/maps/api/staticmap?center=+and+,+GILBERT+LAKE,+NY&zoom=14&size=400x200&sensor=false&visual_refresh=true&maptype=roadmap&markers=icon:http://goo.gl/6fmKFh%7Ccolor:red%7Clabel:X%7C+and+,+GILBERT+LAKE,+NY",0,1,0,
61,215,"8B51 - FriXXXXX",12/30/1899 11:44:00,3/3/2015 0:00:00,"T/NORFOLK","VEHICLE COMP",0,12/30/1899 23:31:00,12/7/2015 0:00:00,"GXX2700","NY56",,"http://maps.googleapis.com/maps/api/staticmap?center=NY56+and+,+NORFOLK,+NY&zoom=14&size=400x200&sensor=false&visual_refresh=true&maptype=roadmap&markers=icon:http://goo.gl/6fmKFh%7Ccolor:red%7Clabel:X%7CNY56+and+,+NORFOLK,+NY",0,1,0,
65,186,"8D40 - ClaXXXXX",12/30/1899 11:58:00,3/6/2015 0:00:00,"CHAUMONT BOAT LAUNCH","VEHICLE COMP",0,12/30/1899 23:31:00,12/7/2015 0:00:00,"NY BB33715 ISSUED ILL PKED TICKET EXP TAG","RT 12E, LYME, NY",,"http://maps.googleapis.com/maps/api/staticmap?center=RT+12E,+LYME,+NY+and+,+CHAUMONT+BOAT+LAUNCH,+NY&zoom=14&size=400x200&sensor=false&visual_refresh=true&maptype=roadmap&markers=icon:http://goo.gl/6fmKFh%7Ccolor:red%7Clabel:X%7CRT+12E,+LYME,+NY+and+,+CHAUMONT+BOAT+LAUNCH,+NY",357631,0,0,
66,,"ALARM",12/30/1899 12:50:00,3/6/2015 0:00:00,"LORENZO HISTORIC SITE","ALARM",0,12/30/1899 23:31:00,12/7/2015 0:00:00,"RECEIVED A GAS DETECTION ALARM ROOM B6 AND FIRE IS ENRT. THERE WAS A RESET. CONTACT MADE BY STANLEY WITH A SHARON ON SITE. EMAIL SENT TO MANAGER (XXXX@PARKS.NY.GOV) @ 12:52","17 Rippleton Rd., Cazenovia, NY  13035",,"http://maps.googleapis.com/maps/api/staticmap?center=17+Rippleton+Rd.,+Cazenovia,+NY++13035+and+,+LORENZO+HISTORIC+SITE,+NY&zoom=14&size=400x200&sensor=false&visual_refresh=true&maptype=roadmap&markers=icon:http://goo.gl/6fmKFh%7Ccolor:red%7Clabel:X%7C17+Rippleton+Rd.,+Cazenovia,+NY++13035+and+,+LORENZO+HISTORIC+SITE,+NY",0,1,0,
67,6,"8D42 - SurXXXXX",12/30/1899 13:15:00,3/6/2015 0:00:00,"T/LISBON","VEHICLE COMP",0,12/30/1899 23:31:00,12/7/2015 0:00:00,"NY GXX1900","RTE 37",,,0,1,0,
68,215,"8B51 - FriXXXXX",12/30/1899 13:25:00,3/6/2015 0:00:00,"T/WADDINGTON","VEHICLE COMP",0,12/30/1899 23:31:00,12/7/2015 0:00:00,"NY GXX9500 & SQUARE, TAYLOR R 04/08/95","ST RTE 37",,"http://maps.googleapis.com/maps/api/staticmap?center=ST+RTE+37+and+,+T/WADDINGTON,+NY&zoom=14&size=400x200&sensor=false&visual_refresh=true&maptype=roadmap&markers=icon:http://goo.gl/6fmKFh%7Ccolor:red%7Clabel:X%7CST+RTE+37+and+,+T/WADDINGTON,+NY",357639,1,0,
71,114,"8C26 - BegXXXXX",12/30/1899 14:43:00,3/6/2015 0:00:00,"T/GREENE","SNOWMOBILE",0,12/30/1899 23:31:00,12/7/2015 0:00:00,"NY SN 2200SN & NY SN 5500SN","ST RTE 12",,"http://maps.googleapis.com/maps/api/staticmap?center=ST+RTE+12+and+,+T/GREENE,+NY&zoom=14&size=400x200&sensor=false&visual_refresh=true&maptype=roadmap&markers=icon:http://goo.gl/6fmKFh%7Ccolor:red%7Clabel:X%7CST+RTE+12+and+,+T/GREENE,+NY",357646,1,0,
72,262,"8B52 - LotXXXXX",12/30/1899 11:10:00,3/7/2015 0:00:00,"T/COLTON","ACCIDENT",0,12/30/1899 23:31:00,12/7/2015 0:00:00,"ASSIST WITH TRAFFIC CONTROL 3 CAR MVA WAS ON SCENE 35 MIN AGO WILL ADVSE WHEN CLR","RTE 56 & WINDMIL RD",,"http://maps.googleapis.com/maps/api/staticmap?center=RTE+56+&+WINDMIL+RD+and+,+&zoom=14&size=400x200&sensor=false&visual_refresh=true&maptype=roadmap&markers=icon:http://goo.gl/6fmKFh%7Ccolor:red%7Clabel:X%7CRTE+56+&+WINDMIL+RD+and+,+",0,1,0,
73,262,"8B52 - LotXXXXX",12/30/1899 11:37:00,3/7/2015 0:00:00,"T/COLTON","SNOWMOBILE",0,12/30/1899 23:31:00,12/7/2015 0:00:00,"NY SN 5400SN - ISSUED WARN",,,,0,1,0,
74,1760,"8D25 - ReiXXXXX",12/30/1899 12:04:00,3/7/2015 0:00:00,"T/BINGHAMTON","VEHICLE COMP",0,12/30/1899 23:31:00,12/7/2015 0:00:00,"AT DETAIL IN JOHNSON.  NY CXX7300","MAIN ST",,,0,1,0,
75,5092,"8D42 - EveXXXXX",12/30/1899 12:23:00,3/7/2015 0:00:00,"T/HARRISBURG","SNOWMOBILE",0,12/30/1899 23:31:00,12/7/2015 0:00:00,"NY SN 9361HB & NY CID 727XXX471","MUCK CREEK RD",,"http://maps.googleapis.com/maps/api/staticmap?center=MUCK+CREEK+RD+and+,+&zoom=14&size=400x200&sensor=false&visual_refresh=true&maptype=roadmap&markers=icon:http://goo.gl/6fmKFh%7Ccolor:red%7Clabel:X%7CMUCK+CREEK+RD+and+,+",0,1,0,
76,1760,"8D25 - ReiXXXXX",12/30/1899 12:44:00,3/7/2015 0:00:00,"T/BINGHAMTON","VEHICLE COMP",0,12/30/1899 23:31:00,12/7/2015 0:00:00,"JOHNSON CITY - NY FXX8500. NO NEED FOR EVENT WILL BE CLR","MAIN ST",,,0,1,0,
77,1771,"Not App - Wilson",12/30/1899 13:15:00,3/7/2015 0:00:00,"T/MARTINSBURG","SNOWMOBILE",0,12/30/1899 23:31:00,12/7/2015 0:00:00,"ny SN 2900SN NY CID 984XXX008 START EVENT FOR 313","rickter rd",,,0,1,0,
78,33,"8D20 - DapXXXXX",12/30/1899 13:19:00,3/7/2015 0:00:00,"T/VERONA","ASSIST",0,12/30/1899 23:31:00,12/7/2015 0:00:00,"ASSIST MOTORIST NY EXX9600, APPEARS AXLE CAME OFF","RTE 46","CIRCLE DR","http://maps.googleapis.com/maps/api/staticmap?center=RTE+46+and+CIRCLE+DR,+&zoom=14&size=400x200&sensor=false&visual_refresh=true&maptype=roadmap&markers=icon:http://goo.gl/6fmKFh%7Ccolor:red%7Clabel:X%7CRTE+46+and+CIRCLE+DR,+",0,1,0,
79,5092,"8D42 - EveXXXXX",12/30/1899 13:30:00,3/7/2015 0:00:00,"T/MARTINSBURG","SNOWMOBILE",0,12/30/1899 23:31:00,12/7/2015 0:00:00,"NY SN 2200SN NY DLIC 302XXX932",,,,0,1,0,
80,54,"8B16 - DadXXXXX",12/30/1899 13:37:00,3/7/2015 0:00:00,"EEL WEIR STATE PARK","SNOWMOBILE",0,12/30/1899 23:31:00,12/7/2015 0:00:00,"NY 8976HB REG AFFIXED IN WRONG LOCATION WARN  NY CID 290XXX078","424 CTY RT 4, , OGDENSBURG, NY 13669",,,0,1,0,
82,54,"8B16 - DadXXXXX",12/30/1899 14:16:00,3/7/2015 0:00:00,"EEL WEIR STATE PARK","SNOWMOBILE",0,12/30/1899 23:31:00,12/7/2015 0:00:00,"ny 7838hb NY CID 783XXX250, WARN VALIDATION STICKER.","424 CTY RT 4, , OGDENSBURG, NY 13669",,"http://maps.googleapis.com/maps/api/staticmap?center=424+CTY+RT+4,+,+OGDENSBURG,+NY+13669+and+,+EEL+WEIR+STATE+PARK&zoom=14&size=400x200&sensor=false&visual_refresh=true&maptype=roadmap&markers=icon:http://goo.gl/6fmKFh%7Ccolor:red%7Clabel:X%7C424+CTY+RT+4,+,+OGDENSBURG,+NY+13669+and+,+EEL+WEIR+STATE+PARK",0,1,0,
83,32,"8C27 - TelXXXXX",12/30/1899 14:24:00,3/7/2015 0:00:00,"C/BINGHAMTON","VEHICLE COMP",0,12/30/1899 23:31:00,12/7/2015 0:00:00,"AT 1353HRS NY EXX4800 ISSUED UNINSPECTED AND AUO 3RD","FRONT",,,0,1,0,
84,1760,"8D25 - ReiXXXXX",12/30/1899 19:14:00,3/7/2015 0:00:00,"T/VERONA","VEHICLE COMP",0,12/30/1899 23:31:00,12/7/2015 0:00:00,,"STATE ROUTE 46",,"http://maps.googleapis.com/maps/api/staticmap?center=STATE+ROUTE+46+and+,+&zoom=14&size=400x200&sensor=false&visual_refresh=true&maptype=roadmap&markers=icon:http://goo.gl/6fmKFh%7Ccolor:red%7Clabel:X%7CSTATE+ROUTE+46+and+,+",0,1,0,
85,33,"8D20 - DapXXXXX",12/30/1899 15:11:00,3/8/2015 0:00:00,"OLD ERIE CANAL /Madison Co.","SNOWMOBILE",0,12/30/1899 23:31:00,12/7/2015 0:00:00,,"CANAL","DIAMOND","http://maps.googleapis.com/maps/api/staticmap?center=8729+Andrus+Rd.+,+Kirkville,+NY++13082+and+DIAMOND,+OLD+ERIE+CANAL+/Madison+Co.,+NY&zoom=14&size=400x200&sensor=false&visual_refresh=true&maptype=roadmap&markers=icon:http://goo.gl/6fmKFh%7Ccolor:red%7Clabel:X%7C8729+Andrus+Rd.+,+Kirkville,+NY++13082+and+DIAMOND,+OLD+ERIE+CANAL+/Madison+Co.,+NY",0,1,0,
87,38,"8D23 - CotXXXXX",12/30/1899 15:25:00,3/9/2015 0:00:00,"T/DEWITT","VEHICLE COMP",0,12/30/1899 23:31:00,12/7/2015 0:00:00," GXX4500","SR 173 WEST OF THE PARK ENTRACE",,"http://maps.googleapis.com/maps/api/staticmap?center=SR+173+WEST+OF+THE+PARK+ENTRACE+and+,+&zoom=14&size=400x200&sensor=false&visual_refresh=true&maptype=roadmap&markers=icon:http://goo.gl/6fmKFh%7Ccolor:red%7Clabel:X%7CSR+173+WEST+OF+THE+PARK+ENTRACE+and+,+",0,1,0,
88,4999,"8D44 - CraXXXXX",12/30/1899 18:25:00,3/9/2015 0:00:00,"T/ALEXANDRIA","VEHICLE COMP",0,12/30/1899 23:31:00,12/7/2015 0:00:00,,"SR 12",,"http://maps.googleapis.com/maps/api/staticmap?center=SR+12+and+,+T/ALEXANDRIA,+NY&zoom=14&size=400x200&sensor=false&visual_refresh=true&maptype=roadmap&markers=icon:http://goo.gl/6fmKFh%7Ccolor:red%7Clabel:X%7CSR+12+and+,+T/ALEXANDRIA,+NY",0,1,0,
91,43,"8D22 - YouXXXXX",12/30/1899 14:40:00,3/10/2015 0:00:00,"GREEN LAKES STATE PARK","ASSIST",0,12/30/1899 23:31:00,12/7/2015 0:00:00,"REPORT OF VEH STUCK IN SNOW NEAR OLD ADMIN BLDG","7900 Green Lakes Rd., Fayettville, NY 13066",,"http://maps.googleapis.com/maps/api/staticmap?center=7900+Green+Lakes+Rd.,+Fayettville,+NY+13066+and+,+GREEN+LAKES+STATE+PARK,+NY&zoom=14&size=400x200&sensor=false&visual_refresh=true&maptype=roadmap&markers=icon:http://goo.gl/6fmKFh%7Ccolor:red%7Clabel:X%7C7900+Green+Lakes+Rd.,+Fayettville,+NY+13066+and+,+GREEN+LAKES+STATE+PARK,+NY",358016,1,0,
92,1,"8D75 - JorXXXXX",12/30/1899 17:14:00,3/10/2015 0:00:00,"WHETSTONE GULF STATE PARK","PROPERTY",0,12/30/1899 23:31:00,12/7/2015 0:00:00,"property check","RR2, BOX 69, , LOWVILLE, NY 13367-9520",,,0,1,0,
93,1,"8D75 - JorXXXXX",12/30/1899 17:17:00,3/10/2015 0:00:00,"T/MARTINSBURG","SNOWMOBILE",0,12/30/1899 23:31:00,12/7/2015 0:00:00,"assist encon with stuck sn. At 1545hrs - for 1 hr",,,,0,1,0,
94,2684,"8D40 - WorXXXXX",12/30/1899 18:03:00,3/10/2015 0:00:00,"T/ELLISBURG","VEHICLE COMP",0,12/30/1899 23:31:00,12/7/2015 0:00:00,"NY GXX5000 & NY CID 987XXX219","ST RTE 3",,"http://maps.googleapis.com/maps/api/staticmap?center=ST+RTE+3+and+,+T/ELLISBURG,+NY&zoom=14&size=400x200&sensor=false&visual_refresh=true&maptype=roadmap&markers=icon:http://goo.gl/6fmKFh%7Ccolor:red%7Clabel:X%7CST+RTE+3+and+,+T/ELLISBURG,+NY",358038,1,0,
109,32,"8C28 - TelXXXXX",12/30/1899 10:02:00,3/11/2015 0:00:00,"C/ONEONTA","PROPERTY",0,12/30/1899 23:31:00,12/7/2015 0:00:00,"GXX3600, FOUND PROPERTY, C/ONEONTA",,,,0,1,0,
110,43,"8D22 - YouXXXXX",12/30/1899 15:59:00,3/11/2015 0:00:00,"T/MANLIUS","VEHICLE COMP",0,12/30/1899 23:31:00,12/7/2015 0:00:00,,"RTE 290",,"http://maps.googleapis.com/maps/api/staticmap?center=RTE+290+and+,+T/DEWITT,+NY&zoom=14&size=400x200&sensor=false&visual_refresh=true&maptype=roadmap&markers=icon:http://goo.gl/6fmKFh%7Ccolor:red%7Clabel:X%7CRTE+290+and+,+T/DEWITT,+NY",358099,1,0,
113,215,"8B51 - FriXXXXX",12/30/1899 19:22:00,3/11/2015 0:00:00,"T/HAMMOND","VEHICLE COMP",0,12/30/1899 23:31:00,12/7/2015 0:00:00,,"TRIANGLE RD",,"http://maps.googleapis.com/maps/api/staticmap?center=TRIANGLE+RD+and+,+T/HAMMOND,+NY&zoom=14&size=400x200&sensor=false&visual_refresh=true&maptype=roadmap&markers=icon:http://goo.gl/6fmKFh%7Ccolor:red%7Clabel:X%7CTRIANGLE+RD+and+,+T/HAMMOND,+NY",358113,1,0,
114,215,"8B51 - FriXXXXX",12/30/1899 22:17:00,3/11/2015 0:00:00,"T/OSWEGATCHIE","VEHICLE COMP",0,12/30/1899 23:31:00,12/7/2015 0:00:00,,"CO RTE 28A",,"http://maps.googleapis.com/maps/api/staticmap?center=CO+RTE+28A+and+,+&zoom=14&size=400x200&sensor=false&visual_refresh=true&maptype=roadmap&markers=icon:http://goo.gl/6fmKFh%7Ccolor:red%7Clabel:X%7CCO+RTE+28A+and+,+",0,1,0,
117,1,"8D44 - JorXXXXX",12/30/1899 13:44:00,3/12/2015 0:00:00,"T/MORRISTOWN","SUSPICIOUS INCIDENT",0,12/30/1899 23:31:00,12/7/2015 0:00:00,"CONTACT USBP","RIVER RD EAST",,,0,1,0,
118,262,"8B51 - LotXXXXX",12/30/1899 15:23:00,3/12/2015 0:00:00,"T/LOUISVILLE","VEHICLE COMP",0,12/30/1899 23:31:00,12/7/2015 0:00:00,"NY GXX1600 & NY CID 221XXX119","st rte 37",,"http://maps.googleapis.com/maps/api/staticmap?center=st+rte+37+and+,+T/LOUISVILLE,+NY&zoom=14&size=400x200&sensor=false&visual_refresh=true&maptype=roadmap&markers=icon:http://goo.gl/6fmKFh%7Ccolor:red%7Clabel:X%7Cst+rte+37+and+,+T/LOUISVILLE,+NY",358157,1,0,
119,38,"8D23 - CotXXXXX",12/30/1899 15:55:00,3/12/2015 0:00:00,"T/MANLIUS","VEHICLE COMP",0,12/30/1899 23:31:00,12/7/2015 0:00:00,"NY EXX6700 & RO","SWEET RD","GATES","http://maps.googleapis.com/maps/api/staticmap?center=SWEET+RD+and+GATES,+&zoom=14&size=400x200&sensor=false&visual_refresh=true&maptype=roadmap&markers=icon:http://goo.gl/6fmKFh%7Ccolor:red%7Clabel:X%7CSWEET+RD+and+GATES,+",0,1,0,
120,1,"8D44 - JorXXXXX",12/30/1899 17:02:00,3/12/2015 0:00:00,"ST. LAWRENCE GOLF COURSE","PROPERTY",0,12/30/1899 23:31:00,12/7/2015 0:00:00,"NY SL467","4955 ST HGH 37, OGDENSBURG, NYT 13669",,"http://maps.googleapis.com/maps/api/staticmap?center=4955+ST+HGH+37,+OGDENSBURG,+NYT+13669+and+,+ST.+LAWRENCE+GOLF+COURSE,+NY&zoom=14&size=400x200&sensor=false&visual_refresh=true&maptype=roadmap&markers=icon:http://goo.gl/6fmKFh%7Ccolor:red%7Clabel:X%7C4955+ST+HGH+37,+OGDENSBURG,+NYT+13669+and+,+ST.+LAWRENCE+GOLF+COURSE,+NY",358168,1,0,
121,1,"8D44 - JorXXXXX",12/30/1899 17:21:00,3/12/2015 0:00:00,"JACQUES CARTIER STATE PARK","PROPERTY",0,12/30/1899 23:31:00,12/7/2015 0:00:00,,"251 OLD MILLS RD, MORRISTOWN, NY 13664-0280",,"http://maps.googleapis.com/maps/api/staticmap?center=251+OLD+MILLS+RD,+MORRISTOWN,+NY+13664-0280+and+,+JACQUES+CARTIER+STATE+PARK,+NY&zoom=14&size=400x200&sensor=false&visual_refresh=true&maptype=roadmap&markers=icon:http://goo.gl/6fmKFh%7Ccolor:red%7Clabel:X%7C251+OLD+MILLS+RD,+MORRISTOWN,+NY+13664-0280+and+,+JACQUES+CARTIER+STATE+PARK,+NY",358170,1,0,
122,1,"8D44 - JorXXXXX",12/30/1899 17:50:00,3/12/2015 0:00:00,"T/HAMMOND","VEHICLE COMP",0,12/30/1899 23:31:00,12/7/2015 0:00:00,"NY EXX8300 & CA GRINAGE ALEXANDER AARON 6/12/1994","ST RTE 12",,,0,1,0,
123,1,"8D44 - JorXXXXX",12/30/1899 17:56:00,3/12/2015 0:00:00,"T/ALEXANDRIA","VEHICLE COMP",0,12/30/1899 23:31:00,12/7/2015 0:00:00,"NY GXX7600 NY CID 567XXX040","ST RTE 12",,"http://maps.googleapis.com/maps/api/staticmap?center=ST+RTE+12+and+,+&zoom=14&size=400x200&sensor=false&visual_refresh=true&maptype=roadmap&markers=icon:http://goo.gl/6fmKFh%7Ccolor:red%7Clabel:X%7CST+RTE+12+and+,+",0,1,0,
126,37,"8D10 - MacXXXXX",12/30/1899 20:04:00,3/12/2015 0:00:00,"C/SYRACUSE","VEHICLE COMP",0,12/30/1899 23:31:00,12/7/2015 0:00:00," AT DUNKIN DONUTS E SYRACUSE NY FXX9000","BRIDGE ST",,,0,1,0,
127,5092,"8D41 - EveXXXXX",12/30/1899 12:21:00,3/13/2015 0:00:00,"T/PINCKNEY","VEHICLE COMP",0,12/30/1899 23:31:00,12/7/2015 0:00:00,"NY TRAILER AW43606","7 BY 9 RD",,"http://maps.googleapis.com/maps/api/staticmap?center=7+BY+9+RD+and+,+T/PINCKNEY,+NY&zoom=14&size=400x200&sensor=false&visual_refresh=true&maptype=roadmap&markers=icon:http://goo.gl/6fmKFh%7Ccolor:red%7Clabel:X%7C7+BY+9+RD+and+,+T/PINCKNEY,+NY",358230,1,0,
128,114,"8C26 - BegXXXXX",12/30/1899 14:50:00,3/13/2015 0:00:00,"T/BAINBRIDGE","ASSIST",0,12/30/1899 23:31:00,12/7/2015 0:00:00,"ASSIST MOTORIST WITH FLAT TIRE NY GXX9300 @ 1440","I 88 WEST EXIT 8",,,0,1,0,
129,5092,"8D41 - EveXXXXX",12/30/1899 9:25:00,3/14/2015 0:00:00,"T/ALEXANDRIA","VEHICLE COMP",0,12/30/1899 23:31:00,12/7/2015 0:00:00,"ny gXX2600 NYCID 719XXX990","ST RTE 12",,,0,1,0,
130,5092,"8D42 - EveXXXXX",12/30/1899 11:24:00,3/14/2015 0:00:00,"C/WATERTOWN","VEHICLE COMP",0,12/30/1899 23:31:00,12/7/2015 0:00:00,"NY BXX5800","WALMART PARKING LOT",,"http://maps.googleapis.com/maps/api/staticmap?center=WALMART+PARKING+LOT+and+,+&zoom=14&size=400x200&sensor=false&visual_refresh=true&maptype=roadmap&markers=icon:http://goo.gl/6fmKFh%7Ccolor:red%7Clabel:X%7CWALMART+PARKING+LOT+and+,+",0,1,0,
134,32,"8C28 - TelXXXXX",12/30/1899 13:28:00,3/15/2015 0:00:00,"T/MILFORD","SNOWMOBILE",0,12/30/1899 23:31:00,12/7/2015 0:00:00,"4700SN, T/MILFORD, 336XXX802",,,,0,1,0,
135,5092,"8D44 - EveXXXXX",12/30/1899 14:20:00,3/16/2015 0:00:00,"T/CAPE VINCENT","VEHICLE COMP",0,12/30/1899 23:31:00,12/7/2015 0:00:00,"GXX1500, NY 12E, T/CAPE VINCENT","NY 12E",,,0,1,0,
136,1,"8D75 - JorXXXXX",12/30/1899 15:14:00,3/16/2015 0:00:00,"T/ALEXANDRIA","VEHICLE COMP",0,12/30/1899 23:31:00,12/7/2015 0:00:00,,,,,0,1,0,
138,114,"8C26 - BegXXXXX",12/30/1899 12:41:00,3/17/2015 0:00:00,"CHENANGO VALLEY","VEHICLE COMP",0,12/30/1899 23:31:00,12/7/2015 0:00:00,"VTL 1040-1052 306B, FXX5900","153 State Park Rd. , Chenango Forks, NY  13746",,"http://maps.googleapis.com/maps/api/staticmap?center=153+State+Park+Rd.+,+Chenango+Forks,+NY++13746+and+,+CHENANGO+VALLEY,+NY&zoom=14&size=400x200&sensor=false&visual_refresh=true&maptype=roadmap&markers=icon:http://goo.gl/6fmKFh%7Ccolor:red%7Clabel:X%7C153+State+Park+Rd.+,+Chenango+Forks,+NY++13746+and+,+CHENANGO+VALLEY,+NY",358586,1,0,
139,114,"8C26 - BegXXXXX",12/30/1899 13:42:00,3/17/2015 0:00:00,"T/FENTON","ASSIST",0,12/30/1899 23:31:00,12/7/2015 0:00:00,"AOA BROOME CO WITH DISTURBANCE CALL",,,,0,1,0,
140,114,"8C26 - BegXXXXX",12/30/1899 14:27:00,3/17/2015 0:00:00,"T/FENTON","VEHICLE COMP",0,12/30/1899 23:31:00,12/7/2015 0:00:00,"GXX2500, NY 369, T/FENTON, 306B, 1405-1415",,,"http://maps.googleapis.com/maps/api/staticmap?center=+and+,+T/FENTON,+NY&zoom=14&size=400x200&sensor=false&visual_refresh=true&maptype=roadmap&markers=icon:http://goo.gl/6fmKFh%7Ccolor:red%7Clabel:X%7C+and+,+T/FENTON,+NY",358589,1,0,
142,114,"8C26 - BegXXXXX",12/30/1899 15:56:00,3/17/2015 0:00:00,"T/FENTON","VEHICLE COMP",0,12/30/1899 23:31:00,12/7/2015 0:00:00,"NY CXX6600 & NY CID 259XXX796 INSUFFICIENT BREAK LITGHTS","st rte 369",,"http://maps.googleapis.com/maps/api/staticmap?center=st+rte+369+and+,+&zoom=14&size=400x200&sensor=false&visual_refresh=true&maptype=roadmap&markers=icon:http://goo.gl/6fmKFh%7Ccolor:red%7Clabel:X%7Cst+rte+369+and+,+",0,1,0,
143,215,"8B51 - FriXXXXX",12/30/1899 16:38:00,3/17/2015 0:00:00,"ROBERT MOSES STATE PARK","VEHICLE COMP",0,12/30/1899 23:31:00,12/7/2015 0:00:00,"NY GXX5100","19 ROBINSON BAY RD, MASSENA, NY 13662",,,0,1,0,
144,5001,"8C27 - PilXXXXX",12/30/1899 17:40:00,3/17/2015 0:00:00,"LORENZO HISTORIC SITE","ANIMAL",0,12/30/1899 23:31:00,12/7/2015 0:00:00,"START EVENT FOR 244 FOR DOG OFF LEASH AND ONE FOR 233 THEY WILL PUT DETAILS INTO EVENT WHEN THEY GET BACK","17 Rippleton Rd., Cazenovia, NY  13035",,,0,1,0,
145,1760,"8D25 - ReiXXXXX",12/30/1899 17:56:00,3/17/2015 0:00:00,"T/CHENANGO","VEHICLE COMP",0,12/30/1899 23:31:00,12/7/2015 0:00:00,,"LILIT PARK RD","HIGHWAY 12","http://maps.googleapis.com/maps/api/staticmap?center=LILIT+PARK+RD+and+HIGHWAY+12,+T/CHENANGO,+NY&zoom=14&size=400x200&sensor=false&visual_refresh=true&maptype=roadmap&markers=icon:http://goo.gl/6fmKFh%7Ccolor:red%7Clabel:X%7CLILIT+PARK+RD+and+HIGHWAY+12,+T/CHENANGO,+NY",358604,1,0,
146,33,"8D29 - DapXXXXX",12/30/1899 17:57:00,3/17/2015 0:00:00,"C/ROME","VEHICLE COMP",0,12/30/1899 23:31:00,12/7/2015 0:00:00,"T/ ORISKANY NY GXX9000","7801 St. Rte. 69 , Oriskany, NY  13424","ROME ORISKANY RD","http://maps.googleapis.com/maps/api/staticmap?center=7801+St.+Rte.+69+,+Oriskany,+NY++13424+and+ROME+ORISKANY+RD,+C/ROME,+NY&zoom=14&size=400x200&sensor=false&visual_refresh=true&maptype=roadmap&markers=icon:http://goo.gl/6fmKFh%7Ccolor:red%7Clabel:X%7C7801+St.+Rte.+69+,+Oriskany,+NY++13424+and+ROME+ORISKANY+RD,+C/ROME,+NY",358605,1,0,
148,38,"8D23 - CotXXXXX",12/30/1899 18:51:00,3/17/2015 0:00:00,"T/LAFAYETTE","VEHICLE COMP",0,12/30/1899 23:31:00,12/7/2015 0:00:00,"NY GXX4700","ERWIN RD",,"http://maps.googleapis.com/maps/api/staticmap?center=ERWIN+RD+and+,+&zoom=14&size=400x200&sensor=false&visual_refresh=true&maptype=roadmap&markers=icon:http://goo.gl/6fmKFh%7Ccolor:red%7Clabel:X%7CERWIN+RD+and+,+",0,1,0,
149,1760,"8D11 - ReiXXXXX",12/30/1899 20:06:00,3/17/2015 0:00:00,"C/BINGHAMTON","VEHICLE COMP",0,12/30/1899 23:31:00,12/7/2015 0:00:00,"NY GXX1700","FRONT ST","GERARD AVE","http://maps.googleapis.com/maps/api/staticmap?center=FRONT+ST+and+GERARD+AVE,+BINGHAMTON,+NY&zoom=14&size=400x200&sensor=false&visual_refresh=true&maptype=roadmap&markers=icon:http://goo.gl/6fmKFh%7Ccolor:red%7Clabel:X%7CFRONT+ST+and+GERARD+AVE,+BINGHAMTON,+NY",0,1,0,
150,1760,"8D11 - ReiXXXXX",12/30/1899 20:51:00,3/17/2015 0:00:00,"V/JOHNSON CITY","VEHICLE COMP",0,12/30/1899 23:31:00,12/7/2015 0:00:00,"NY FXX8300","MAIN ST","ISABELL","http://maps.googleapis.com/maps/api/staticmap?center=MAIN+ST+and+ISABELL,+V/JOHNSON+CITY,+NY&zoom=14&size=400x200&sensor=false&visual_refresh=true&maptype=roadmap&markers=icon:http://goo.gl/6fmKFh%7Ccolor:red%7Clabel:X%7CMAIN+ST+and+ISABELL,+V/JOHNSON+CITY,+NY",358625,1,0,
151,42,"8D11 - RenXXXXX",12/30/1899 21:14:00,3/17/2015 0:00:00,"T/UNION","VEHICLE COMP",0,12/30/1899 23:31:00,12/7/2015 0:00:00,"NY AXX1900","HOPPER RD","PROSPECT","http://maps.googleapis.com/maps/api/staticmap?center=HOPPER+RD+and+PROSPECT,+&zoom=14&size=400x200&sensor=false&visual_refresh=true&maptype=roadmap&markers=icon:http://goo.gl/6fmKFh%7Ccolor:red%7Clabel:X%7CHOPPER+RD+and+PROSPECT,+",0,1,0,
153,215,"8B51 - FriXXXXX",12/30/1899 21:38:00,3/17/2015 0:00:00,"T/MORRISTOWN","VEHICLE COMP",0,12/30/1899 23:31:00,12/7/2015 0:00:00,,"ST RTE 37",,"http://maps.googleapis.com/maps/api/staticmap?center=ST+RTE+37+and+,+T/MORRISTOWN,+NY&zoom=14&size=400x200&sensor=false&visual_refresh=true&maptype=roadmap&markers=icon:http://goo.gl/6fmKFh%7Ccolor:red%7Clabel:X%7CST+RTE+37+and+,+T/MORRISTOWN,+NY",358633,1,0,
154,1760,"8D11 - ReiXXXXX",12/30/1899 22:34:00,3/17/2015 0:00:00,"T/FENTON","ACCIDENT",0,12/30/1899 23:31:00,12/7/2015 0:00:00,"ASSIST NYSP WITH MVA","ST RTE 12","RTE 76","http://maps.googleapis.com/maps/api/staticmap?center=ST+RTE+12+and+RTE+76,+T/FENTON,+NY&zoom=14&size=400x200&sensor=false&visual_refresh=true&maptype=roadmap&markers=icon:http://goo.gl/6fmKFh%7Ccolor:red%7Clabel:X%7CST+RTE+12+and+RTE+76,+T/FENTON,+NY",358638,1,0,
155,215,"8B51 - FriXXXXX",12/30/1899 23:17:00,3/17/2015 0:00:00,"T/OSWEGATCHIE","VEHICLE COMP",0,12/30/1899 23:31:00,12/7/2015 0:00:00,,"RTE 37",,"http://maps.googleapis.com/maps/api/staticmap?center=RTE+37+and+,+T/OSWEGATCHIE,+NY&zoom=14&size=400x200&sensor=false&visual_refresh=true&maptype=roadmap&markers=icon:http://goo.gl/6fmKFh%7Ccolor:red%7Clabel:X%7CRTE+37+and+,+T/OSWEGATCHIE,+NY",0,1,0,
156,215,"8B51 - FriXXXXX",12/30/1899 23:48:00,3/17/2015 0:00:00,"C/OGDENSBURG","VEHICLE COMP",0,12/30/1899 23:31:00,12/7/2015 0:00:00,,"CANTON",,"http://maps.googleapis.com/maps/api/staticmap?center=CANTON+and+,+C/OGDENSBURG,+NY&zoom=14&size=400x200&sensor=false&visual_refresh=true&maptype=roadmap&markers=icon:http://goo.gl/6fmKFh%7Ccolor:red%7Clabel:X%7CCANTON+and+,+C/OGDENSBURG,+NY",358649,1,0,
157,4999,"8D41 - CraXXXXX",12/30/1899 9:12:00,3/18/2015 0:00:00,"T/HAMMOND","VEHICLE COMP",0,12/30/1899 23:31:00,12/7/2015 0:00:00,"GXX7900","NY12",,"http://maps.googleapis.com/maps/api/staticmap?center=NY12+and+,+T/HAMMOND,+NY&zoom=14&size=400x200&sensor=false&visual_refresh=true&maptype=roadmap&markers=icon:http://goo.gl/6fmKFh%7Ccolor:red%7Clabel:X%7CNY12+and+,+T/HAMMOND,+NY",358675,1,0,
158,38,"8D23 - CotXXXXX",12/30/1899 13:48:00,3/18/2015 0:00:00,"T/MANLIUS","VEHICLE COMP",0,12/30/1899 23:31:00,12/7/2015 0:00:00,"42800XX, KIRKVILLE RD, T/MANLIUS, NEAR OEC","KIRKVILLE RD","OEC","http://maps.googleapis.com/maps/api/staticmap?center=KIRKVILLE+RD+and+OEC,+T/MANLIUS,+NY&zoom=14&size=400x200&sensor=false&visual_refresh=true&maptype=roadmap&markers=icon:http://goo.gl/6fmKFh%7Ccolor:red%7Clabel:X%7CKIRKVILLE+RD+and+OEC,+T/MANLIUS,+NY",358691,1,0,
160,33,"8D29 - DapXXXXX",12/30/1899 15:38:00,3/18/2015 0:00:00,"C/ROME","VEHICLE COMP",0,12/30/1899 23:31:00,12/7/2015 0:00:00,"NY GXX8000","rte 69","ROME ORISKANY RD","http://maps.googleapis.com/maps/api/staticmap?center=rte+69+and+ROME+ORISKANY+RD,+C/ROME,+NY&zoom=14&size=400x200&sensor=false&visual_refresh=true&maptype=roadmap&markers=icon:http://goo.gl/6fmKFh%7Ccolor:red%7Clabel:X%7Crte+69+and+ROME+ORISKANY+RD,+C/ROME,+NY",358698,1,0,
161,4999,"8D41 - CraXXXXX",12/30/1899 17:41:00,3/18/2015 0:00:00,"T/OSWEGATCHIE","VEHICLE COMP",0,12/30/1899 23:31:00,12/7/2015 0:00:00,"NY EXX3600 KING, MICHAEL G,  BRESSETTE, ANDREA M , RICHARDS, LEANNAH K , REGAN, PATRICK N , 424XXX727","CTY RT 6",,"http://maps.googleapis.com/maps/api/staticmap?center=CTY+RT+6+and+,+&zoom=14&size=400x200&sensor=false&visual_refresh=true&maptype=roadmap&markers=icon:http://goo.gl/6fmKFh%7Ccolor:red%7Clabel:X%7CCTY+RT+6+and+,+",0,1,0,
162,215,"Not App - Friot",12/30/1899 11:11:00,3/19/2015 0:00:00,"T/NORFOLK","VEHICLE COMP",0,12/30/1899 23:31:00,12/7/2015 0:00:00,,"NY 56",,"http://maps.googleapis.com/maps/api/staticmap?center=NY+56+and+,+T/NORFOLK,+NY&zoom=14&size=400x200&sensor=false&visual_refresh=true&maptype=roadmap&markers=icon:http://goo.gl/6fmKFh%7Ccolor:red%7Clabel:X%7CNY+56+and+,+T/NORFOLK,+NY",358739,1,0,
163,215,"Not App - Friot",12/30/1899 11:38:00,3/19/2015 0:00:00,"T/NORFOLK","VEHICLE COMP",0,12/30/1899 23:31:00,12/7/2015 0:00:00,"GXX4200","NY56",,"http://maps.googleapis.com/maps/api/staticmap?center=NY56+and+,+T/NORFOLK,+NY&zoom=14&size=400x200&sensor=false&visual_refresh=true&maptype=roadmap&markers=icon:http://goo.gl/6fmKFh%7Ccolor:red%7Clabel:X%7CNY56+and+,+T/NORFOLK,+NY",358742,1,0,
164,215,"Not App - Friot",12/30/1899 12:00:00,3/19/2015 0:00:00,"T/NORFOLK","VEHICLE COMP",0,12/30/1899 23:31:00,12/7/2015 0:00:00,"FXX3100, NY56, T/NORFOLK ALSO MURRAY, BRAYDEN W 08/24/1993","NY56",,"http://maps.googleapis.com/maps/api/staticmap?center=NY56+and+,+T/NORFOLK,+NY&zoom=14&size=400x200&sensor=false&visual_refresh=true&maptype=roadmap&markers=icon:http://goo.gl/6fmKFh%7Ccolor:red%7Clabel:X%7CNY56+and+,+T/NORFOLK,+NY",358744,1,0,
165,4581,"8D44 - SleXXXXX",12/30/1899 13:13:00,3/19/2015 0:00:00,"T/WADDINGTON","VEHICLE COMP",0,12/30/1899 23:31:00,12/7/2015 0:00:00,"DXX9100 & 666XXX039","NY367",,,0,1,0,
166,32,"8C28 - TelXXXXX",12/30/1899 14:20:00,3/19/2015 0:00:00,"T/OTSEGO","ASSIST",0,12/30/1899 23:31:00,12/7/2015 0:00:00,"AOA OTSEGO CO","GULF RD",,,0,1,0,
167,215,"8B51 - FriXXXXX",12/30/1899 15:28:00,3/19/2015 0:00:00,"T/NORFOLK","VEHICLE COMP",0,12/30/1899 23:31:00,12/7/2015 0:00:00,"NY DXX1800","ST RTE 56",,"http://maps.googleapis.com/maps/api/staticmap?center=ST+RTE+56+and+,+&zoom=14&size=400x200&sensor=false&visual_refresh=true&maptype=roadmap&markers=icon:http://goo.gl/6fmKFh%7Ccolor:red%7Clabel:X%7CST+RTE+56+and+,+",0,1,0,
169,215,"8B51 - FriXXXXX",12/30/1899 16:17:00,3/19/2015 0:00:00,"T/NORFOLK","VEHICLE COMP",0,12/30/1899 23:31:00,12/7/2015 0:00:00,"NY GXX4100 WARN FOR TINT","ST RTE 56",,"http://maps.googleapis.com/maps/api/staticmap?center=ST+RTE+56+and+,+&zoom=14&size=400x200&sensor=false&visual_refresh=true&maptype=roadmap&markers=icon:http://goo.gl/6fmKFh%7Ccolor:red%7Clabel:X%7CST+RTE+56+and+,+",0,1,0,
171,215,"8B51 - FriXXXXX",12/30/1899 16:41:00,3/19/2015 0:00:00,"T/NORFOLK","VEHICLE COMP",0,12/30/1899 23:31:00,12/7/2015 0:00:00,"NY GXX7400 NY CID 479XXX861 ISSUING WINDOW TINT","ST RTE 56",,"http://maps.googleapis.com/maps/api/staticmap?center=ST+RTE+56+and+,+&zoom=14&size=400x200&sensor=false&visual_refresh=true&maptype=roadmap&markers=icon:http://goo.gl/6fmKFh%7Ccolor:red%7Clabel:X%7CST+RTE+56+and+,+",0,1,0,
172,215,"8B51 - FriXXXXX",12/30/1899 16:56:00,3/19/2015 0:00:00,"T/NORFOLK","VEHICLE COMP",0,12/30/1899 23:31:00,12/7/2015 0:00:00,"GXX4000 & RO","RTE 56",,"http://maps.googleapis.com/maps/api/staticmap?center=RTE+56+and+,+&zoom=14&size=400x200&sensor=false&visual_refresh=true&maptype=roadmap&markers=icon:http://goo.gl/6fmKFh%7Ccolor:red%7Clabel:X%7CRTE+56+and+,+",0,1,0,
174,215,"8B51 - FriXXXXX",12/30/1899 17:15:00,3/19/2015 0:00:00,"T/NORFOLK","VEHICLE COMP",0,12/30/1899 23:31:00,12/7/2015 0:00:00,"FXX8800","RTE 56",,"http://maps.googleapis.com/maps/api/staticmap?center=RTE+56+and+,+&zoom=14&size=400x200&sensor=false&visual_refresh=true&maptype=roadmap&markers=icon:http://goo.gl/6fmKFh%7Ccolor:red%7Clabel:X%7CRTE+56+and+,+",0,1,0,
175,215,"8B51 - FriXXXXX",12/30/1899 17:18:00,3/19/2015 0:00:00,"T/NORFOLK","VEHICLE COMP",0,12/30/1899 23:31:00,12/7/2015 0:00:00,"NY FXX3000 DATA RELAYED VEH IS VALID NO STOP INITIATED","RTE 56",,"http://maps.googleapis.com/maps/api/staticmap?center=RTE+56+and+,+&zoom=14&size=400x200&sensor=false&visual_refresh=true&maptype=roadmap&markers=icon:http://goo.gl/6fmKFh%7Ccolor:red%7Clabel:X%7CRTE+56+and+,+",0,1,0,
177,1,"8D41 - JorXXXXX",12/30/1899 17:31:00,3/19/2015 0:00:00,"T/ALEXANDRIA","VEHICLE COMP",0,12/30/1899 23:31:00,12/7/2015 0:00:00,"NY COM 23000XX NY DLI 987XXX855 WARNING ISSUED 1180B","ST RTE 12",,"http://maps.googleapis.com/maps/api/staticmap?center=ST+RTE+12+and+,+&zoom=14&size=400x200&sensor=false&visual_refresh=true&maptype=roadmap&markers=icon:http://goo.gl/6fmKFh%7Ccolor:red%7Clabel:X%7CST+RTE+12+and+,+",0,1,0,
178,1,"8D41 - JorXXXXX",12/30/1899 18:45:00,3/19/2015 0:00:00,"T/ALEXANDRIA","VEHICLE COMP",0,12/30/1899 23:31:00,12/7/2015 0:00:00,"DEL CL86129","ST RTE 12",,,0,1,0,
179,6,"8D42 - SurXXXXX",12/30/1899 19:28:00,3/19/2015 0:00:00,"T/MARTINSBURG","VEHICLE COMP",0,12/30/1899 23:31:00,12/7/2015 0:00:00,"1920 HRS NY FXX4600","ST RT 12",,"http://maps.googleapis.com/maps/api/staticmap?center=ST+RT+12+and+,+&zoom=14&size=400x200&sensor=false&visual_refresh=true&maptype=roadmap&markers=icon:http://goo.gl/6fmKFh%7Ccolor:red%7Clabel:X%7CST+RT+12+and+,+",0,1,0,
180,262,"8B51 - LotXXXXX",12/30/1899 19:50:00,3/19/2015 0:00:00,"T/LOUISVILLE","SNOWMOBILE",0,12/30/1899 23:31:00,12/7/2015 0:00:00,"NY SN 3100SN NO EVENT NEEDED","ST RTE 131",,"http://maps.googleapis.com/maps/api/staticmap?center=ST+RTE+131+and+,+&zoom=14&size=400x200&sensor=false&visual_refresh=true&maptype=roadmap&markers=icon:http://goo.gl/6fmKFh%7Ccolor:red%7Clabel:X%7CST+RTE+131+and+,+",0,1,0,
181,262,"8B51 - LotXXXXX",12/30/1899 20:21:00,3/19/2015 0:00:00,"T/WADDINGTON","VEHICLE COMP",0,12/30/1899 23:31:00,12/7/2015 0:00:00,"NY 6500SN NY CID 371XXX815 ISSUING FOR HEADLIGHT OUT","ST RTE 37",,"http://maps.googleapis.com/maps/api/staticmap?center=ST+RTE+37+and+,+&zoom=14&size=400x200&sensor=false&visual_refresh=true&maptype=roadmap&markers=icon:http://goo.gl/6fmKFh%7Ccolor:red%7Clabel:X%7CST+RTE+37+and+,+",0,1,0,
182,1760,"8D25 - ReiXXXXX",12/30/1899 21:04:00,3/19/2015 0:00:00,"T/CLAY","ACCIDENT",0,12/30/1899 23:31:00,12/7/2015 0:00:00,"OUT WITH MVA, POSSIBLY OCCURRED ON ON RAMP.  FIRE IS ON SCENE","I 81 ON ON RAMP",,"http://maps.googleapis.com/maps/api/staticmap?center=I+81+ON+ON+RAMP+and+,+&zoom=14&size=400x200&sensor=false&visual_refresh=true&maptype=roadmap&markers=icon:http://goo.gl/6fmKFh%7Ccolor:red%7Clabel:X%7CI+81+ON+ON+RAMP+and+,+",0,1,0,
183,262,"8B51 - LotXXXXX",12/30/1899 21:23:00,3/19/2015 0:00:00,"T/WADDINGTON","VEHICLE COMP",0,12/30/1899 23:31:00,12/7/2015 0:00:00,"NY GXX2000, NY CID 330XXX267","ST RTE 7",,"http://maps.googleapis.com/maps/api/staticmap?center=ST+RTE+7+and+,+&zoom=14&size=400x200&sensor=false&visual_refresh=true&maptype=roadmap&markers=icon:http://goo.gl/6fmKFh%7Ccolor:red%7Clabel:X%7CST+RTE+7+and+,+",0,1,0,
184,4581,"8D44 - SleXXXXX",12/30/1899 21:43:00,3/19/2015 0:00:00,"T/RODMAN","VEHICLE COMP",0,12/30/1899 23:31:00,12/7/2015 0:00:00,"PA JXX300 EXP 9/2015 AZ DLIC","ST RTE 177",,"http://maps.googleapis.com/maps/api/staticmap?center=ST+RTE177+and+,+&zoom=14&size=400x200&sensor=false&visual_refresh=true&maptype=roadmap&markers=icon:http://goo.gl/6fmKFh%7Ccolor:red%7Clabel:X%7CST+RTE177+and+,+",0,1,0,
185,262,"8B51 - LotXXXXX",12/30/1899 21:53:00,3/19/2015 0:00:00,"T/NORFOLK","VEHICLE COMP",0,12/30/1899 23:31:00,12/7/2015 0:00:00,"NY AXX4100","310",,"http://maps.googleapis.com/maps/api/staticmap?center=310+and+,+&zoom=14&size=400x200&sensor=false&visual_refresh=true&maptype=roadmap&markers=icon:http://goo.gl/6fmKFh%7Ccolor:red%7Clabel:X%7C310+and+,+",0,1,0,
186,32,"8C28 - TelXXXXX",12/30/1899 9:53:00,3/20/2015 0:00:00,"GILBERT LAKE","ASSIST",0,12/30/1899 23:31:00,12/7/2015 0:00:00,"NY COM 96000XX","18 CCC Rd. , Laurens, NY  13796",,,0,1,0,
187,68,"8D24 - MatXXXXX",12/30/1899 13:20:00,3/20/2015 0:00:00,"T/MANLIUS","VEHICLE COMP",0,12/30/1899 23:31:00,12/7/2015 0:00:00,"NY 15700XX","ST RTE 290","MINOA RD","http://maps.googleapis.com/maps/api/staticmap?center=ST+RTE+290+and+MINOA+RD,+&zoom=14&size=400x200&sensor=false&visual_refresh=true&maptype=roadmap&markers=icon:http://goo.gl/6fmKFh%7Ccolor:red%7Clabel:X%7CST+RTE+290+and+MINOA+RD,+",0,1,0,
188,68,"8D24 - MatXXXXX",12/30/1899 13:27:00,3/20/2015 0:00:00,"V/MINOA","VEHICLE COMP",0,12/30/1899 23:31:00,12/7/2015 0:00:00,"NY GXX3600 DK HONDA CARAVAN 1 OCCUPANT","MINOA RD","OEC","http://maps.googleapis.com/maps/api/staticmap?center=MINOA+RD+and+OEC,+&zoom=14&size=400x200&sensor=false&visual_refresh=true&maptype=roadmap&markers=icon:http://goo.gl/6fmKFh%7Ccolor:red%7Clabel:X%7CMINOA+RD+and+OEC,+",0,1,0,
190,38,"8D23 - CotXXXXX",12/30/1899 10:04:00,3/21/2015 0:00:00,"T/MANLIUS","VEHICLE COMP",0,12/30/1899 23:31:00,12/7/2015 0:00:00,"NY FXX5000","rte 290","KIRKVILLE RD","http://maps.googleapis.com/maps/api/staticmap?center=rte+290+and+KIRKVILLE+RD,+&zoom=14&size=400x200&sensor=false&visual_refresh=true&maptype=roadmap&markers=icon:http://goo.gl/6fmKFh%7Ccolor:red%7Clabel:X%7Crte+290+and+KIRKVILLE+RD,+",0,1,0,
192,38,"8D23 - CotXXXXX",12/30/1899 13:37:00,3/21/2015 0:00:00,"T/MANLIUS","VEHICLE COMP",0,12/30/1899 23:31:00,12/7/2015 0:00:00,"NY GXX6700","KIRKVILLE RD NORTH @ POST OFFICE",,"http://maps.googleapis.com/maps/api/staticmap?center=KIRKVILLE+RD+NORTH+@+POST+OFFICE+and+,+&zoom=14&size=400x200&sensor=false&visual_refresh=true&maptype=roadmap&markers=icon:http://goo.gl/6fmKFh%7Ccolor:red%7Clabel:X%7CKIRKVILLE+RD+NORTH+@+POST+OFFICE+and+,+",0,1,0,
193,114,"8C26 - BegXXXXX",12/30/1899 13:48:00,3/21/2015 0:00:00,"T/DEPOSIT","ASSIST",0,12/30/1899 23:31:00,12/7/2015 0:00:00,"ASSIST UNIT 562 DEPOSIT PD. OUT WITH NY DXX7600  VEHICLE OF THE PERSON SUSPECTED OF MAKING A SUICIDE THREAT.  SUBJECT IS KNOWN TO HAVE A SHOTGUN.  STANDING BY UNTI MORE UNITS ARRIVE","DUG RD","ST RTE 8","http://maps.googleapis.com/maps/api/staticmap?center=DUG+RD+and+ST+RTE+8,+&zoom=14&size=400x200&sensor=false&visual_refresh=true&maptype=roadmap&markers=icon:http://goo.gl/6fmKFh%7Ccolor:red%7Clabel:X%7CDUG+RD+and+ST+RTE+8,+",0,1,0,
195,1771,"8D75 - WilXXXXX",12/30/1899 13:39:00,3/22/2015 0:00:00,"T/PINCKNEY","SNOWMOBILE",0,12/30/1899 23:31:00,12/7/2015 0:00:00,"8700SN & 8110HB, SM, DENNINGS RD, T/PICKNEY","DENNINGS RD",,"http://maps.googleapis.com/maps/api/staticmap?center=DENNINGS+RD+and+,+T/PINCKNEY,+NY&zoom=14&size=400x200&sensor=false&visual_refresh=true&maptype=roadmap&markers=icon:http://goo.gl/6fmKFh%7Ccolor:red%7Clabel:X%7CDENNINGS+RD+and+,+T/PINCKNEY,+NY",0,1,0,
196,1771,"8D75 - WilXXXXX",12/30/1899 14:06:00,3/22/2015 0:00:00,"T/PINCKNEY","SNOWMOBILE",0,12/30/1899 23:31:00,12/7/2015 0:00:00,"6500SN, DENNINGS RD, T/PICKNEY","DENNINGS RD",,,0,1,0,
197,1771,"8D75 - WilXXXXX",12/30/1899 15:28:00,3/22/2015 0:00:00,"T/MONTAGUE","SNOWMOBILE",0,12/30/1899 23:31:00,12/7/2015 0:00:00,,"FLATROCK RD",,"http://maps.googleapis.com/maps/api/staticmap?center=FLATROCK+RD+and+,+T/MONTAGUE,+NY&zoom=14&size=400x200&sensor=false&visual_refresh=true&maptype=roadmap&markers=icon:http://goo.gl/6fmKFh%7Ccolor:red%7Clabel:X%7CFLATROCK+RD+and+,+T/MONTAGUE,+NY",0,1,0,
199,33,"8D29 - DapXXXXX",12/30/1899 11:11:00,3/24/2015 0:00:00,"T/VERONA","VEHICLE COMP",0,12/30/1899 23:31:00,12/7/2015 0:00:00,"EXX8500, SOUTH OF PARK","NY 13",,,0,1,0,
200,68,"8D24 - MatXXXXX",12/30/1899 14:40:00,3/24/2015 0:00:00,"T/MANLIUS","VEHICLE COMP",0,12/30/1899 23:31:00,12/7/2015 0:00:00,"91600XX","SUMMERHAVE DR",,,0,1,0,
201,68,"8D24 - MatXXXXX",12/30/1899 15:33:00,3/24/2015 0:00:00,"T/MANLIUS","VEHICLE COMP",0,12/30/1899 23:31:00,12/7/2015 0:00:00,"14500XX NY CID  570XXX645","RTE 290","ALVERNA HEIGHTS","http://maps.googleapis.com/maps/api/staticmap?center=RTE+290+and+ALVERNA+HEIGHTS,+&zoom=14&size=400x200&sensor=false&visual_refresh=true&maptype=roadmap&markers=icon:http://goo.gl/6fmKFh%7Ccolor:red%7Clabel:X%7CRTE+290+and+ALVERNA+HEIGHTS,+",0,1,0,
202,215,"8B52 - FriXXXXX",12/30/1899 20:03:00,3/24/2015 0:00:00,"ROBERT MOSES STATE PARK","VEHICLE COMP",0,12/30/1899 23:31:00,12/7/2015 0:00:00,"NY gXX9400 NY CID 112XXX836","19 ROBINSON BAY RD, MASSENA, NY 13662",,,0,1,0,
203,68,"8D24 - MatXXXXX",12/30/1899 14:14:00,3/25/2015 0:00:00,"T/MANLIUS","VEHICLE COMP",0,12/30/1899 23:31:00,12/7/2015 0:00:00,"GREEN TOYOTA, ACROSS FROM MINOA FD","NY 290",,"http://maps.googleapis.com/maps/api/staticmap?center=NY+290+and+,+T/MANLIUS,+NY&zoom=14&size=400x200&sensor=false&visual_refresh=true&maptype=roadmap&markers=icon:http://goo.gl/6fmKFh%7Ccolor:red%7Clabel:X%7CNY+290+and+,+T/MANLIUS,+NY",359280,1,0,
204,262,"8B52 - LotXXXXX",12/30/1899 22:57:00,3/25/2015 0:00:00,"ROBERT MOSES STATE PARK","PROPERTY",0,12/30/1899 23:31:00,12/7/2015 0:00:00,,"19 ROBINSON BAY RD, MASSENA, NY 13662",,,0,1,0,
205,43,"8D24 - YouXXXXX",12/30/1899 16:00:00,3/26/2015 0:00:00,"T/SULLIVAN","VEHICLE COMP",0,12/30/1899 23:31:00,12/7/2015 0:00:00,"553AAH","BLACK CREEK RD",,"http://maps.googleapis.com/maps/api/staticmap?center=BLACK+CREEK+RD+and+,+&zoom=14&size=400x200&sensor=false&visual_refresh=true&maptype=roadmap&markers=icon:http://goo.gl/6fmKFh%7Ccolor:red%7Clabel:X%7CBLACK+CREEK+RD+and+,+",0,1,0,
206,5092,"8D42 - EveXXXXX",12/30/1899 12:25:00,3/27/2015 0:00:00,"T/CLAYTON","VEHICLE COMP",0,12/30/1899 23:31:00,12/7/2015 0:00:00,,"NY 12E",,"http://maps.googleapis.com/maps/api/staticmap?center=NY+12E+and+,+T/CLAYTON,+NY&zoom=14&size=400x200&sensor=false&visual_refresh=true&maptype=roadmap&markers=icon:http://goo.gl/6fmKFh%7Ccolor:red%7Clabel:X%7CNY+12E+and+,+T/CLAYTON,+NY",0,1,0,
207,5092,"8D42 - EveXXXXX",12/30/1899 16:40:00,3/27/2015 0:00:00,"V/ALEXANDRIA BAY","VEHICLE COMP",0,12/30/1899 23:31:00,12/7/2015 0:00:00,"1180D","RTE 12",,,0,1,0,
209,33,"8D29 - DapXXXXX",12/30/1899 17:08:00,3/27/2015 0:00:00,"DELTA LAKE","PROPERTY",0,12/30/1899 23:31:00,12/7/2015 0:00:00,"NW CORNER DOOR","8797 St. Rte. 46 , Rome, NY  13440",,,0,1,0,
210,33,"8D29 - DapXXXXX",12/30/1899 18:49:00,3/27/2015 0:00:00,"C/ROME","VEHICLE COMP",0,12/30/1899 23:31:00,12/7/2015 0:00:00,,"ROME-TABERG RD","DAVIDSONS CHEVY","http://maps.googleapis.com/maps/api/staticmap?center=ROME-TABERG+RD+and+DAVIDSONS+CHEVY,+ROME,+NY&zoom=14&size=400x200&sensor=false&visual_refresh=true&maptype=roadmap&markers=icon:http://goo.gl/6fmKFh%7Ccolor:red%7Clabel:X%7CROME-TABERG+RD+and+DAVIDSONS+CHEVY,+ROME,+NY",0,1,0,
211,38,"8D23 - CotXXXXX",12/30/1899 12:04:00,3/29/2015 0:00:00,"CLARK RESERVATION","ALARM",0,12/30/1899 23:31:00,12/7/2015 0:00:00,"BACK DOOR CENTRAL STORES","6105 E. Seneca Tnpk., Jamesville, NY  13078",,"http://maps.googleapis.com/maps/api/staticmap?center=6105+E+SENECA+TRNPK+and+,+&zoom=14&size=400x200&sensor=false&visual_refresh=true&maptype=roadmap&markers=icon:http://goo.gl/6fmKFh%7Ccolor:red%7Clabel:X%7C6105+E+SENECA+TRNPK+and+,+",0,1,0,
213,33,"8D29 - DapXXXXX",12/30/1899 12:32:00,3/29/2015 0:00:00,"T/VIENNA","VEHICLE COMP",0,12/30/1899 23:31:00,12/7/2015 0:00:00,"GXX8900","off halstead rd",,,0,1,0,
214,38,"8D23 - CotXXXXX",12/30/1899 14:01:00,3/29/2015 0:00:00,"GREEN LAKES STATE PARK","VEHICLE COMP",0,12/30/1899 23:31:00,12/7/2015 0:00:00,"EXX7300","7900 Green Lakes Rd., Fayettville, NY 13066","PINE WOODS","http://maps.googleapis.com/maps/api/staticmap?center=GR+and+PINE+WOODS,+&zoom=14&size=400x200&sensor=false&visual_refresh=true&maptype=roadmap&markers=icon:http://goo.gl/6fmKFh%7Ccolor:red%7Clabel:X%7CGR+and+PINE+WOODS,+",0,1,0,
216,1760,"8D25 - ReiXXXXX",12/30/1899 19:27:00,3/29/2015 0:00:00,"T/DEWITT","PROPERTY",0,12/30/1899 23:31:00,12/7/2015 0:00:00,,"6105 EAST SENECA TURNPIKE",,"http://maps.googleapis.com/maps/api/staticmap?center=6105+EAST+SENECA+TURNPIKE+and+,+&zoom=14&size=400x200&sensor=false&visual_refresh=true&maptype=roadmap&markers=icon:http://goo.gl/6fmKFh%7Ccolor:red%7Clabel:X%7C6105+EAST+SENECA+TURNPIKE+and+,+",0,1,0,
217,43,"8D24 - YouXXXXX",12/30/1899 8:12:00,3/30/2015 0:00:00,"T/SULLIVAN","VEHICLE COMP",0,12/30/1899 23:31:00,12/7/2015 0:00:00,"EXX9600, BRIDGEPORT-KIRKVILLE RD & NY31","BRIDGEPORT-KIRKVILLE RD","NY31","http://maps.googleapis.com/maps/api/staticmap?center=BRIDGEPORT-KIRKVILLE+RD+and+NY31,+&zoom=14&size=400x200&sensor=false&visual_refresh=true&maptype=roadmap&markers=icon:http://goo.gl/6fmKFh%7Ccolor:red%7Clabel:X%7CBRIDGEPORT-KIRKVILLE+RD+and+NY31,+",0,1,0,
218,215,"8B16 - FriXXXXX",12/30/1899 11:03:00,3/30/2015 0:00:00,"T/LOUISVILLE","VEHICLE COMP",0,12/30/1899 23:31:00,12/7/2015 0:00:00,"FXX4100","NY37",,,0,1,0,
219,215,"8B16 - FriXXXXX",12/30/1899 12:22:00,3/30/2015 0:00:00,"JACQUES CARTIER STATE PARK","VEHICLE COMP",0,12/30/1899 23:31:00,12/7/2015 0:00:00,"DXX7900","251 OLD MILLS RD, MORRISTOWN, NY 13664-0280",,,0,1,0,
220,1,"8D75 - JorXXXXX",12/30/1899 12:45:00,3/30/2015 0:00:00,"T/ORLEANS","VEHICLE COMP",0,12/30/1899 23:31:00,12/7/2015 0:00:00,"AK32/ONTARIO","I81",,,0,1,0,
222,5001,"8D23 - PilXXXXX",12/30/1899 21:19:00,3/30/2015 0:00:00,"T/MANLIUS","VEHICLE COMP",0,12/30/1899 23:31:00,12/7/2015 0:00:00,,"MANLIUS CENTER RD","CLEMMONS","http://maps.googleapis.com/maps/api/staticmap?center=MANLIUS+CENTER+RD+and+CLEMMONS,+&zoom=14&size=400x200&sensor=false&visual_refresh=true&maptype=roadmap&markers=icon:http://goo.gl/6fmKFh%7Ccolor:red%7Clabel:X%7CMANLIUS+CENTER+RD+and+CLEMMONS,+",0,1,0,
