"ID","Location","Zone","ParksID","type","county","station","ZonePID","StationPID","CountyPID"
988,"C/BINGHAMTON","CENTRAL",1535,"C","BROOME","4",5,437,373
989,"C/CORTLAND","CENTRAL",1590,"C","CORTLAND","4",5,437,380
990,"C/FULTON","CENTRAL",1637,"C","OSWEGO","3",5,436,405
991,"C/LITTLE FALLS","CENTRAL",2420,"C","HERKIMER","5",5,1949,388
992,"C/NORWICH","CENTRAL",1771,"C","CHENANGO","4",5,437,377
993,"C/ONEIDA","CENTRAL",1002,"C","MADISON","2",5,1274,392
994,"C/ONEONTA","CENTRAL",2609,"C","OTSEGO","5",5,1949,406
995,"C/OSWEGO","CENTRAL",1003,"C","OSWEGO","3",5,436,405
996,"C/ROME","CENTRAL",1004,"C","ONEIDA","1",5,3109,401
997,"C/SHERRILL","CENTRAL",1955,"C","ONEIDA","1",5,3109,401
998,"C/SYRACUSE","CENTRAL",2563,"C","ONONDAGA","2",5,1274,402
999,"C/UTICA","CENTRAL",1956,"C","ONEIDA","1",5,3109,401
1000,"V/NEWPORT","CENTRAL",1764,"V","HERKIMER","5",5,1949,388
1001,"T/NEWPORT","CENTRAL",2421,"T","HERKIMER","5",5,1949,388
1002,"T/AFTON","CENTRAL",2268,"T","CHENANGO","4",5,437,377
1003,"T/ALBION","CENTRAL",1505,"T","OSWEGO","3",5,436,405
1004,"T/AMBOY","CENTRAL",1511,"T","OSWEGO","3",5,436,405
1005,"T/ANDES","CENTRAL",1513,"T","DELAWARE","5",5,1949,381
1006,"T/ANNSVILLE","CENTRAL",1514,"T","ONEIDA","1",5,3109,401
1007,"T/AUGUSTA","CENTRAL",1520,"T","ONEIDA","1",5,3109,401
1008,"T/AVA","CENTRAL",1522,"T","ONEIDA","1",5,3109,401
1009,"T/BAINBRIDGE","CENTRAL",1525,"T","CHENANGO","4",5,437,377
1010,"T/BARKER","CENTRAL",1528,"T","BROOME","4",5,437,373
1011,"T/BINGHAMTON","CENTRAL",1534,"T","BROOME","4",5,437,373
1012,"T/BOONVILLE","CENTRAL",1055,"T","ONEIDA","1",5,3109,401
1013,"T/BOVINA","CENTRAL",1538,"T","DELAWARE","5",5,1949,381
1014,"T/BOYLSTON","CENTRAL",1539,"T","OSWEGO","3",5,436,405
1015,"T/BRIDGEWATER","CENTRAL",1542,"T","ONEIDA","1",5,3109,401
1016,"T/BROOKFIELD","CENTRAL",1546,"T","MADISON","2",5,1274,392
1017,"T/BURLINGTON","CENTRAL",1550,"T","OTSEGO","5",5,1949,406
1018,"T/BUTTERNUTS","CENTRAL",1551,"T","OTSEGO","5",5,1949,406
1019,"T/CAMDEN","CENTRAL",1554,"T","ONEIDA","1",5,3109,401
1020,"T/CAMILLUS","CENTRAL",1556,"T","ONONDAGA","2",5,1274,402
1021,"T/CAZENOVIA","CENTRAL",1065,"T","MADISON","2",5,1274,392
1022,"T/CHENANGO","CENTRAL",1565,"T","BROOME","4",5,437,373
1023,"T/CHERRY VALLEY","CENTRAL",1567,"T","OTSEGO","5",5,1949,406
1024,"T/CICERO","CENTRAL",1568,"T","ONONDAGA","2",5,1274,402
1025,"T/CINCINNATUS","CENTRAL",1536,"T","CORTLAND","4",5,437,380
1026,"T/CLAY","CENTRAL",1574,"T","ONONDAGA","2",5,1274,402
1027,"T/COLCHESTER","CENTRAL",1579,"T","DELAWARE","5",5,1949,381
1028,"T/COLESVILLE","CENTRAL",1583,"T","BROOME","4",5,437,373
1029,"T/COLUMBIA","CENTRAL",1584,"T","HERKIMER","5",5,1949,388
1030,"T/COLUMBUS","CENTRAL",1585,"T","CHENANGO","4",5,437,377
1031,"T/CONKLIN","CENTRAL",1587,"T","BROOME","4",5,437,373
1032,"T/CONSTANTIA","CENTRAL",1074,"T","OSWEGO","3",5,436,405
1033,"T/CORTLANDVILLE","CENTRAL",1591,"T","CORTLAND","4",5,437,380
1034,"T/COVENTRY","CENTRAL",1592,"T","CHENANGO","4",5,437,377
1035,"T/CUYLER","CENTRAL",1595,"T","CORTLAND","4",5,437,380
1036,"T/DANUBE","CENTRAL",1084,"T","HERKIMER","5",5,1949,388
1037,"T/DAVENPORT","CENTRAL",1597,"T","DELAWARE","5",5,1949,381
1038,"T/DECATUR","CENTRAL",1598,"T","OTSEGO","5",5,1949,406
1039,"T/DEERFIELD","CENTRAL",1599,"T","ONEIDA","1",5,3109,401
1040,"T/DELHI","CENTRAL",1601,"T","DELAWARE","5",5,1949,381
1041,"T/DEPOSIT","CENTRAL",1605,"T","DELAWARE","5",5,1949,381
1042,"T/DERUYTER","CENTRAL",2466,"T","MADISON","2",5,1274,392
1043,"T/DEWITT","CENTRAL",1086,"T","ONONDAGA","2",5,1274,402
1044,"T/DICKINSON","CENTRAL",1610,"T","BROOME","4",5,437,373
1045,"T/EATON","CENTRAL",1616,"T","MADISON","2",5,1274,392
1046,"T/EDMESTON","CENTRAL",1617,"T","OTSEGO","5",5,1949,406
1047,"T/ELBRIDGE","CENTRAL",1619,"T","ONONDAGA","2",5,1274,402
1048,"T/EXETER","CENTRAL",1621,"T","OTSEGO","5",5,1949,406
1049,"T/FABIUS","CENTRAL",1622,"T","ONONDAGA","2",5,1274,402
1050,"T/FAIRFIELD","CENTRAL",1624,"T","HERKIMER","5",5,1949,388
1051,"T/FENNER","CENTRAL",1094,"T","MADISON","2",5,1274,392
1052,"T/FENTON","CENTRAL",1095,"T","BROOME","4",5,437,373
1053,"T/FLORENCE","CENTRAL",1628,"T","ONEIDA","1",5,3109,401
1054,"T/FLOYD","CENTRAL",1629,"T","ONEIDA","1",5,3109,401
1055,"T/FORESTPORT","CENTRAL",1630,"T","ONEIDA","1",5,3109,401
1056,"T/FRANKFORT","CENTRAL",1633,"T","HERKIMER","5",5,1949,388
1057,"T/FRANKLIN","CENTRAL",2366,"T","DELAWARE","5",5,1949,381
1058,"T/FREETOWN","CENTRAL",1636,"T","CORTLAND","4",5,437,380
1059,"T/GEDDES","CENTRAL",1101,"T","ONONDAGA","2",5,1274,402
1060,"T/GEORGETOWN","CENTRAL",1642,"T","MADISON","2",5,1274,392
1061,"T/GERMAN","CENTRAL",1643,"T","CHENANGO","4",5,437,377
1062,"T/GERMAN FLATTS","CENTRAL",1644,"T","HERKIMER","5",5,1949,388
1063,"T/GRANBY","CENTRAL",1105,"T","OSWEGO","3",5,436,405
1064,"T/GREENE","CENTRAL",1652,"T","CHENANGO","4",5,437,377
1065,"T/GUILFORD","CENTRAL",1656,"T","CHENANGO","4",5,437,377
1066,"T/HAMDEN","CENTRAL",1657,"T","DELAWARE","5",5,1949,381
1067,"T/HAMILTON","CENTRAL",1658,"T","MADISON","2",5,1274,392
1068,"T/HANCOCK","CENTRAL",1660,"T","DELAWARE","5",5,1949,381
1069,"T/HANNIBAL","CENTRAL",1662,"T","OSWEGO","3",5,436,405
1070,"T/HARFORD","CENTRAL",1663,"T","CORTLAND","4",5,437,380
1071,"T/HARPERSFIELD","CENTRAL",1664,"T","DELAWARE","5",5,1949,381
1072,"T/HARTWICK","CENTRAL",1666,"T","OTSEGO","5",5,1949,406
1073,"T/HASTINGS","CENTRAL",1667,"T","OSWEGO","3",5,436,405
1074,"T/HERKIMER","CENTRAL",1670,"T","HERKIMER","5",5,1949,388
1075,"T/HOMER","CENTRAL",1678,"T","CORTLAND","4",5,437,380
1076,"T/KIRKLAND","CENTRAL",1693,"T","ONEIDA","1",5,3109,401
1077,"T/KIRKWOOD","CENTRAL",1694,"T","BROOME","4",5,437,373
1078,"T/KORTRIGHT","CENTRAL",1126,"T","DELAWARE","5",5,1949,381
1079,"T/LAFAYETTE","CENTRAL",1695,"T","ONONDAGA","2",5,1274,402
1080,"T/LAPEER","CENTRAL",1696,"T","CORTLAND","4",5,437,380
1081,"T/LAURENS","CENTRAL",1129,"T","OTSEGO","5",5,1949,406
1082,"T/LEBANON","CENTRAL",1699,"T","MADISON","2",5,1274,392
1083,"T/LEE","CENTRAL",1700,"T","ONEIDA","1",5,3109,401
1084,"T/LENOX","CENTRAL",1132,"T","MADISON","2",5,1274,392
1085,"T/LINCKLAEN","CENTRAL",1703,"T","CHENANGO","4",5,437,377
1086,"T/LINCOLN","CENTRAL",1134,"T","MADISON","2",5,1274,392
1087,"T/LISLE","CENTRAL",1704,"T","BROOME","4",5,437,373
1088,"T/LITCHFIELD","CENTRAL",1705,"T","HERKIMER","5",5,1949,388
1089,"T/LITTLE FALLS","CENTRAL",1706,"T","HERKIMER","5",5,1949,388
1090,"T/LYSANDER","CENTRAL",1712,"T","ONONDAGA","2",5,1274,402
1091,"T/MADISON","CENTRAL",1714,"T","MADISON","2",5,1274,392
1092,"T/MAINE","CENTRAL",1717,"T","BROOME","4",5,437,373
1093,"T/MANHEIM","CENTRAL",1720,"T","HERKIMER","5",5,1949,388
1094,"T/MANLIUS","CENTRAL",1143,"T","ONONDAGA","2",5,1274,402
1095,"T/MARATHON","CENTRAL",1722,"T","CORTLAND","4",5,437,380
1096,"T/MARCELLUS","CENTRAL",1724,"T","ONONDAGA","2",5,1274,402
1097,"T/MARCY","CENTRAL",1725,"T","ONEIDA","1",5,3109,401
1098,"T/MARSHALL","CENTRAL",1727,"T","ONEIDA","1",5,3109,401
1099,"T/MARYLAND","CENTRAL",1144,"T","OTSEGO","5",5,1949,406
1100,"T/MASONVILLE","CENTRAL",1145,"T","DELAWARE","5",5,1949,381
1101,"T/MCDONOUGH","CENTRAL",1147,"T","CHENANGO","4",5,437,377
1102,"T/MEREDITH","CENTRAL",1732,"T","DELAWARE","5",5,1949,381
1103,"T/MEXICO","CENTRAL",1148,"T","OSWEGO","3",5,436,405
1104,"T/MIDDLEFIELD","CENTRAL",1735,"T","OTSEGO","5",5,1949,406
1105,"T/MIDDLETOWN","CENTRAL",1736,"T","DELAWARE","5",5,1949,381
1106,"T/MILFORD","CENTRAL",1149,"T","OTSEGO","5",5,1949,406
1107,"T/MINETTO","CENTRAL",1742,"T","OSWEGO","3",5,436,405
1108,"T/MORRIS","CENTRAL",1748,"T","OTSEGO","5",5,1949,406
1109,"T/NANTICOKE","CENTRAL",1755,"T","BROOME","4",5,437,373
1110,"T/NELSON","CENTRAL",1757,"T","MADISON","2",5,1274,392
1111,"T/NEW BERLIN","CENTRAL",1160,"T","CHENANGO","4",5,437,377
1112,"T/NEW HARTFORD","CENTRAL",1760,"T","ONEIDA","1",5,3109,401
1113,"T/NEW HAVEN","CENTRAL",1762,"T","OSWEGO","3",5,436,405
1114,"T/NEW LISBON","CENTRAL",1162,"T","OTSEGO","5",5,1949,406
1115,"T/NORTH NORWICH","CENTRAL",1769,"T","CHENANGO","4",5,437,377
1116,"T/NORWAY","CENTRAL",1768,"T","HERKIMER","5",5,1949,388
1117,"T/NORWICH","CENTRAL",1770,"T","CHENANGO","4",5,437,377
1118,"T/OHIO","CENTRAL",1776,"T","HERKIMER","5",5,1949,388
1119,"T/ONEONTA","CENTRAL",1778,"T","OTSEGO","5",5,1949,406
1120,"T/ONONDAGA","CENTRAL",1779,"T","ONONDAGA","2",5,1274,402
1121,"T/ORWELL","CENTRAL",1783,"T","OSWEGO","3",5,436,405
1122,"T/OSWEGO","CENTRAL",1785,"T","OSWEGO","3",5,436,405
1123,"T/OTEGO","CENTRAL",1786,"T","OTSEGO","5",5,1949,406
1124,"T/OTISCO","CENTRAL",1788,"T","ONONDAGA","2",5,1274,402
1125,"T/OTSEGO","CENTRAL",1789,"T","OTSEGO","5",5,1949,406
1126,"T/OTSELIC","CENTRAL",1790,"T","CHENANGO","4",5,437,377
1127,"T/OXFORD","CENTRAL",1791,"T","CHENANGO","4",5,437,377
1128,"T/PALERMO","CENTRAL",1794,"T","OSWEGO","3",5,436,405
1129,"T/PARIS","CENTRAL",1796,"T","ONEIDA","1",5,3109,401
1130,"T/PARISH","CENTRAL",1797,"T","OSWEGO","3",5,436,405
1131,"T/PHARSALIA","CENTRAL",1808,"T","CHENANGO","4",5,437,377
1132,"T/PITCHER","CENTRAL",1818,"T","CHENANGO","4",5,437,377
1133,"T/PITTSFIELD","CENTRAL",1819,"T","OTSEGO","5",5,1949,406
1134,"T/PLAINFIELD","CENTRAL",1821,"T","OTSEGO","5",5,1949,406
1135,"T/PLYMOUTH","CENTRAL",1824,"T","CHENANGO","4",5,437,377
1136,"T/POMPEY","CENTRAL",1827,"T","ONONDAGA","2",5,1274,402
1137,"T/PREBLE","CENTRAL",1833,"T","CORTLAND","4",5,437,380
1138,"T/PRESTON","CENTRAL",1834,"T","CHENANGO","4",5,437,377
1139,"T/REDFIELD","CENTRAL",1839,"T","OSWEGO","3",5,436,405
1140,"T/REMSEN","CENTRAL",1840,"T","ONEIDA","1",5,3109,401
1141,"T/RICHFIELD","CENTRAL",1187,"T","OTSEGO","5",5,1949,406
1142,"T/RICHLAND","CENTRAL",1188,"T","OSWEGO","3",5,436,405
1143,"T/ROSEBOOM","CENTRAL",1848,"T","OTSEGO","5",5,1949,406
1144,"T/ROXBURY","CENTRAL",1194,"T","DELAWARE","5",5,1949,381
1145,"T/RUSSIA","CENTRAL",1853,"T","HERKIMER","5",5,1949,388
1146,"T/SALINA","CENTRAL",1855,"T","ONONDAGA","2",5,1274,402
1147,"T/SALISBURY","CENTRAL",1856,"T","HERKIMER","5",5,1949,388
1148,"T/SANDY CREEK","CENTRAL",1198,"T","OSWEGO","3",5,436,405
1149,"T/SANFORD","CENTRAL",1199,"T","BROOME","4",5,437,373
1150,"T/SANGERFIELD","CENTRAL",1857,"T","ONEIDA","1",5,3109,401
1151,"T/SCHROEPPEL","CENTRAL",1863,"T","OSWEGO","3",5,436,405
1152,"T/SCHUYLER","CENTRAL",1864,"T","HERKIMER","5",5,1949,388
1153,"T/SCOTT","CENTRAL",1865,"T","CORTLAND","4",5,437,380
1154,"T/SCRIBA","CENTRAL",1866,"T","OSWEGO","3",5,436,405
1155,"T/SHERBURNE","CENTRAL",1869,"T","CHENANGO","4",5,437,377
1156,"T/SIDNEY","CENTRAL",1871,"T","DELAWARE","5",5,1949,381
1157,"T/SKANEATELES","CENTRAL",1873,"T","ONONDAGA","2",5,1274,402
1158,"T/SMITHFIELD","CENTRAL",1874,"T","MADISON","2",5,1274,392
1159,"T/SMITHVILLE","CENTRAL",2269,"T","CHENANGO","4",5,437,377
1160,"T/SMYRNA","CENTRAL",1875,"T","CHENANGO","4",5,437,377
1161,"T/SOLON","CENTRAL",1877,"T","CORTLAND","4",5,437,380
1162,"T/SPAFFORD","CENTRAL",1881,"T","ONONDAGA","2",5,1274,402
1163,"T/SPRINGFIELD","CENTRAL",1209,"T","OTSEGO","5",5,1949,406
1164,"T/STAMFORD","CENTRAL",1882,"T","DELAWARE","5",5,1949,381
1165,"T/STARK","CENTRAL",1884,"T","HERKIMER","5",5,1949,388
1166,"T/STEUBEN","CENTRAL",1212,"T","ONEIDA","1",5,3109,401
1167,"T/STOCKBRIDGE","CENTRAL",1885,"T","MADISON","2",5,1274,392
1168,"T/SULLIVAN","CENTRAL",1887,"T","MADISON","2",5,1274,392
1169,"T/TAYLOR","CENTRAL",1891,"T","CORTLAND","4",5,437,380
1170,"T/TOMPKINS","CENTRAL",1895,"T","DELAWARE","5",5,1949,381
1171,"T/TRENTON","CENTRAL",1896,"T","ONEIDA","1",5,3109,401
1172,"T/TRIANGLE","CENTRAL",1897,"T","BROOME","4",5,437,373
1173,"T/TRUXTON","CENTRAL",1898,"T","CORTLAND","4",5,437,380
1174,"T/TULLY","CENTRAL",1899,"T","ONONDAGA","2",5,1274,402
1175,"T/UNADILLA","CENTRAL",1902,"T","OTSEGO","5",5,1949,406
1176,"T/UNION","CENTRAL",1903,"T","BROOME","4",5,437,373
1177,"T/VANBUREN","CENTRAL",1904,"T","ONONDAGA","2",5,1274,402
1178,"T/VERNON","CENTRAL",1905,"T","ONEIDA","1",5,3109,401
1179,"T/VERONA","CENTRAL",1954,"T","ONEIDA","1",5,3109,401
1180,"T/VESTAL","CENTRAL",1907,"T","BROOME","4",5,437,373
1181,"T/VIENNA","CENTRAL",1908,"T","ONEIDA","1",5,3109,401
1182,"T/VIRGIL","CENTRAL",1909,"T","CORTLAND","4",5,437,380
1183,"T/VOLNEY","CENTRAL",1910,"T","OSWEGO","3",5,436,405
1184,"T/WALTON","CENTRAL",1912,"T","DELAWARE","5",5,1949,381
1185,"T/WARREN","CENTRAL",1915,"T","HERKIMER","5",5,1949,388
1186,"T/WEBB","CENTRAL",1920,"T","HERKIMER","5",5,1949,388
1187,"T/WEST MONROE","CENTRAL",1922,"T","OSWEGO","3",5,436,405
1188,"T/WESTERN","CENTRAL",1229,"T","ONEIDA","1",5,3109,401
1189,"T/WESTFORD","CENTRAL",1230,"T","OTSEGO","5",5,1949,406
1190,"T/WESTMORELAND","CENTRAL",1924,"T","ONEIDA","1",5,3109,401
1191,"T/WHITESTOWN","CENTRAL",1231,"T","ONEIDA","1",5,3109,401
1192,"T/WILLET","CENTRAL",1929,"T","CORTLAND","4",5,437,380
1193,"T/WILLIAMSTOWN","CENTRAL",1930,"T","OSWEGO","3",5,436,405
1194,"T/WINDSOR","CENTRAL",2170,"T","BROOME","4",5,437,373
1195,"T/WINFIELD","CENTRAL",1934,"T","HERKIMER","5",5,1949,388
1196,"T/WORCESTER","CENTRAL",1935,"T","OTSEGO","5",5,1949,406
1197,"V/AFTON","CENTRAL",1504,"V","CHENANGO","4",5,437,377
1198,"V/BAINBRIDGE","CENTRAL",1524,"V","CHENANGO","4",5,437,377
1199,"V/BALDWINSVILLE","CENTRAL",1526,"V","ONONDAGA","2",5,1274,402
1200,"V/BOONVILLE","CENTRAL",1537,"V","ONEIDA","1",5,3109,401
1201,"V/CANASTOTA","CENTRAL",1242,"V","MADISON","2",5,1274,392
1202,"V/CAZENOVIA","CENTRAL",1237,"V","MADISON","2",5,1274,392
1203,"V/CENTRAL SQUARE","CENTRAL",1957,"V","OSWEGO","3",5,436,405
1204,"V/CHERRY VALLEY","CENTRAL",1566,"V","OTSEGO","5",5,1949,406
1205,"V/CHITTENANGO","CENTRAL",1238,"V","MADISON","2",5,1274,392
1206,"V/COOPERSTOWN","CENTRAL",1589,"V","OTSEGO","5",5,1949,406
1207,"V/DEPOSIT","CENTRAL",1606,"V","DELAWARE","5",5,1949,381
1208,"V/EARLVILLE","CENTRAL",1614,"V","CHENANGO","4",5,437,377
1209,"V/EAST SYRACUSE","CENTRAL",1615,"V","ONONDAGA","2",5,1274,402
1210,"V/ENDICOTT","CENTRAL",2092,"V","BROOME","4",5,437,373
1211,"V/FAYETTEVILLE","CENTRAL",1625,"V","ONONDAGA","2",5,1274,402
1212,"V/FRANKFORT","CENTRAL",1634,"V","HERKIMER","5",5,1949,388
1213,"V/GREENE","CENTRAL",1651,"V","CHENANGO","4",5,437,377
1214,"V/HAMILTON","CENTRAL",1659,"V","MADISON","2",5,1274,392
1215,"V/HANCOCK","CENTRAL",1661,"V","DELAWARE","5",5,1949,381
1216,"V/HERKIMER","CENTRAL",1671,"V","HERKIMER","5",5,1949,388
1217,"V/ILION","CENTRAL",1682,"V","HERKIMER","5",5,1949,388
1218,"V/JOHNSON CITY","CENTRAL",1688,"V","BROOME","4",5,437,373
1219,"V/JORDAN","CENTRAL",1690,"V","ONONDAGA","2",5,1274,402
1220,"V/LAURENS","CENTRAL",1697,"V","OTSEGO","5",5,1949,406
1221,"V/LIVERPOOL","CENTRAL",1707,"V","ONONDAGA","2",5,1274,402
1222,"V/MANLIUS","CENTRAL",1721,"V","ONONDAGA","2",5,1274,402
1223,"V/MIDDLEVILLE","CENTRAL",1737,"V","HERKIMER","5",5,1949,388
1224,"V/MINOA","CENTRAL",1743,"V","ONONDAGA","2",5,1274,402
1225,"V/MOHAWK","CENTRAL",1744,"V","HERKIMER","5",5,1949,388
1226,"V/MORRISVILLE","CENTRAL",1750,"V","MADISON","2",5,1274,392
1227,"V/NEW BERLIN","CENTRAL",1758,"V","CHENANGO","4",5,437,377
1228,"V/NEW HARTFORD","CENTRAL",1761,"V","ONEIDA","1",5,3109,401
1229,"V/NEW YORK MILLS","CENTRAL",1763,"V","ONEIDA","1",5,3109,401
1230,"V/NORTH SYRACUSE","CENTRAL",1767,"V","ONONDAGA","2",5,1274,402
1231,"V/ORISKANY","CENTRAL",1782,"V","ONEIDA","1",5,3109,401
1232,"V/ORISKANY FALLS","CENTRAL",1781,"V","ONEIDA","1",5,3109,401
1233,"V/OTEGO","CENTRAL",1787,"V","OTSEGO","5",5,1949,406
1234,"V/OXFORD","CENTRAL",1792,"V","CHENANGO","4",5,437,377
1235,"V/PULASKI","CENTRAL",1836,"V","OSWEGO","3",5,436,405
1236,"V/RICHFIELD SPRINGS","CENTRAL",1843,"V","OTSEGO","5",5,1949,406
1237,"V/SHERBURNE","CENTRAL",1870,"V","CHENANGO","4",5,437,377
1238,"V/SIDNEY","CENTRAL",1872,"V","DELAWARE","5",5,1949,381
1239,"V/SOLVAY","CENTRAL",1878,"V","ONONDAGA","2",5,1274,402
1240,"V/STAMFORD","CENTRAL",1883,"V","DELAWARE","5",5,1949,381
1241,"V/SYLVAN BEACH","CENTRAL",1889,"V","ONEIDA","1",5,3109,401
1242,"V/VERNON","CENTRAL",1906,"V","ONEIDA","1",5,3109,401
1243,"V/WALTON","CENTRAL",1913,"V","DELAWARE","5",5,1949,381
1244,"V/WATERVILLE","CENTRAL",1918,"V","ONEIDA","1",5,3109,401
1245,"V/WHITESBORO","CENTRAL",1927,"V","ONEIDA","1",5,3109,401
1246,"V/YORKVILLE","CENTRAL",1939,"V","ONEIDA","1",5,3109,401
1247,"C/AUBURN","FINGER LAKES",2007,"C","CAYUGA","3",6,436,1465
1248,"C/CANANDAIGUA","FINGER LAKES",1007,"C","ONTARIO","3",6,436,1466
1249,"C/ELMIRA","FINGER LAKES",1475,"C","CHEMUNG","1",6,3109,376
1250,"C/GENEVA","FINGER LAKES",2566,"C","ONTARIO","3",6,436,1466
1251,"C/ITHACA","FINGER LAKES",1009,"C","TOMPKINS","1",6,3109,425
1252,"T/ARCADIA","FINGER LAKES",2061,"T","WAYNE","4",6,437,429
1253,"T/ASHLAND","FINGER LAKES",1045,"T","CHEMUNG","1",6,3109,376
1254,"T/AURELIUS","FINGER LAKES",2008,"T","CAYUGA","3",6,436,1465
1255,"T/BALDWIN","FINGER LAKES",1962,"T","CHEMUNG","1",6,3109,376
1256,"T/BARRINGTON","FINGER LAKES",2044,"T","YATES","3",6,436,432
1257,"T/BARTON","FINGER LAKES",1047,"T","TIOGA","1",6,3109,424
1258,"T/BENTON","FINGER LAKES",2045,"T","YATES","3",6,436,432
1259,"T/BERKSHIRE","FINGER LAKES",2773,"T","TIOGA","1",6,3109,424
1260,"T/BIG FLATS","FINGER LAKES",1963,"T","CHEMUNG","1",6,3109,376
1261,"T/BRISTOL","FINGER LAKES",1984,"T","ONTARIO","2",6,1274,1466
1262,"T/BRUTUS","FINGER LAKES",2009,"T","CAYUGA","3",6,436,1465
1263,"T/BUTLER","FINGER LAKES",2062,"T","WAYNE","4",6,437,429
1264,"T/CANADICE","FINGER LAKES",1058,"T","ONTARIO","2",6,1274,1466
1265,"T/CANANDAIGUA","FINGER LAKES",2025,"T","ONTARIO","3",6,436,1466
1266,"T/CANDOR","FINGER LAKES",2774,"T","TIOGA","1",6,3109,424
1267,"T/CAROLINE","FINGER LAKES",2784,"T","TOMPKINS","1",6,3109,425
1268,"T/CATHARINE","FINGER LAKES",1970,"T","SCHUYLER","1",6,3109,415
1269,"T/CATLIN","FINGER LAKES",1064,"T","CHEMUNG","1",6,3109,376
1270,"T/CATO","FINGER LAKES",2056,"T","CAYUGA","4",6,437,1465
1271,"V/CAYUGA HEIGHTS","FINGER LAKES",2088,"V","TOMPKINS","1",6,3109,425
1272,"T/CAYUTA","FINGER LAKES",1971,"T","SCHUYLER","1",6,3109,415
1273,"T/CHEMUNG","FINGER LAKES",1964,"T","CHEMUNG","1",6,3109,376
1274,"T/CONQUEST","FINGER LAKES",2057,"T","CAYUGA","4",6,437,1465
1275,"T/COVERT","FINGER LAKES",2036,"T","SENECA","3",6,436,416
1276,"T/DANBY","FINGER LAKES",1082,"T","TOMPKINS","1",6,3109,425
1277,"T/DIX","FINGER LAKES",1087,"T","SCHUYLER","1",6,3109,415
1278,"T/DRYDEN","FINGER LAKES",1981,"T","TOMPKINS","1",6,3109,425
1279,"T/E. BLOOMFIELD","FINGER LAKES",2026,"T","ONTARIO","3",6,436,1466
1280,"T/ELMIRA","FINGER LAKES",1092,"T","CHEMUNG","1",6,3109,376
1281,"T/ENFIELD","FINGER LAKES",1093,"T","TOMPKINS","1",6,3109,425
1282,"T/ERIN","FINGER LAKES",1965,"T","CHEMUNG","1",6,3109,376
1283,"T/FARMINGTON","FINGER LAKES",2027,"T","ONTARIO","3",6,436,1466
1284,"T/FAYETTE","FINGER LAKES",2037,"T","SENECA","3",6,436,416
1285,"T/FLEMING","FINGER LAKES",2010,"T","CAYUGA","3",6,436,1465
1286,"T/GALEN","FINGER LAKES",2063,"T","WAYNE","4",6,437,429
1287,"T/GENEVA","FINGER LAKES",2028,"T","ONTARIO","3",6,436,1466
1288,"T/GENOA","FINGER LAKES",2011,"T","CAYUGA","3",6,436,1465
1289,"T/GORHAM","FINGER LAKES",2029,"T","ONTARIO","3",6,436,1466
1290,"T/GROTON","FINGER LAKES",1982,"T","TOMPKINS","1",6,3109,425
1291,"T/HECTOR","FINGER LAKES",1972,"T","SCHUYLER","1",6,3109,415
1292,"T/HOPEWELL","FINGER LAKES",2030,"T","ONTARIO","3",6,436,1466
1293,"T/HORSEHEADS","FINGER LAKES",1966,"T","CHEMUNG","1",6,3109,376
1294,"T/HURON","FINGER LAKES",1120,"T","WAYNE","4",6,437,429
1295,"T/IRA","FINGER LAKES",2058,"T","CAYUGA","4",6,437,1465
1296,"T/ITALY","FINGER LAKES",2046,"T","YATES","3",6,436,432
1297,"T/ITHACA","FINGER LAKES",1122,"T","TOMPKINS","1",6,3109,425
1298,"T/JERUSALEM","FINGER LAKES",1123,"T","YATES","3",6,436,432
1299,"T/JUNIUS","FINGER LAKES",2672,"T","SENECA","3",6,436,416
1300,"T/LANSING","FINGER LAKES",1983,"T","TOMPKINS","1",6,3109,425
1301,"T/LEDYARD","FINGER LAKES",1130,"T","CAYUGA","3",6,436,1465
1302,"T/LOCKE","FINGER LAKES",1137,"T","CAYUGA","3",6,436,1465
1303,"T/LODI","FINGER LAKES",1138,"T","SENECA","3",6,436,416
1304,"T/LYONS","FINGER LAKES",2064,"T","WAYNE","4",6,437,429
1305,"T/MACEDON","FINGER LAKES",2849,"T","WAYNE","4",6,437,429
1306,"T/MANCHESTER","FINGER LAKES",2031,"T","ONTARIO","3",6,436,1466
1307,"T/MARION","FINGER LAKES",2851,"T","WAYNE","4",6,437,429
1308,"T/MENTZ","FINGER LAKES",2012,"T","CAYUGA","3",6,436,1465
1309,"T/MIDDLESEX","FINGER LAKES",2047,"T","YATES","3",6,436,432
1310,"T/MILO","FINGER LAKES",2048,"T","YATES","3",6,436,432
1311,"T/MONTEZUMA","FINGER LAKES",2013,"T","CAYUGA","3",6,436,1465
1312,"T/MONTOUR","FINGER LAKES",1152,"T","SCHUYLER","1",6,3109,415
1313,"T/MORAVIA","FINGER LAKES",1153,"T","CAYUGA","3",6,436,1465
1314,"T/NAPLES","FINGER LAKES",1985,"T","ONTARIO","2",6,1274,1466
1315,"T/NEWARK VALLEY","FINGER LAKES",2776,"T","TIOGA","1",6,3109,424
1316,"T/NEWFIELD","FINGER LAKES",1165,"T","TOMPKINS","1",6,3109,425
1317,"T/NICHOLS","FINGER LAKES",2778,"T","TIOGA","1",6,3109,424
1318,"T/NILES","FINGER LAKES",2014,"T","CAYUGA","3",6,436,1465
1319,"T/ONTARIO","FINGER LAKES",2852,"T","WAYNE","4",6,437,429
1320,"T/ORANGE","FINGER LAKES",1973,"T","SCHUYLER","1",6,3109,415
1321,"T/OVID","FINGER LAKES",1174,"T","SENECA","3",6,436,416
1322,"T/OWASCO","FINGER LAKES",2015,"T","CAYUGA","3",6,436,1465
1323,"T/OWEGO","FINGER LAKES",2780,"T","TIOGA","1",6,3109,424
1324,"T/PALMYRA","FINGER LAKES",2853,"T","WAYNE","4",6,437,429
1325,"T/PHELPS","FINGER LAKES",2032,"T","ONTARIO","3",6,436,1466
1326,"T/POTTER","FINGER LAKES",2049,"T","YATES","3",6,436,432
1327,"T/READING","FINGER LAKES",1974,"T","SCHUYLER","1",6,3109,415
1328,"T/RICHFORD","FINGER LAKES",2782,"T","TIOGA","1",6,3109,424
1329,"T/RICHMOND","FINGER LAKES",1189,"T","ONTARIO","2",6,1274,1466
1330,"T/ROMULUS","FINGER LAKES",1192,"T","SENECA","3",6,436,416
1331,"T/ROSE","FINGER LAKES",2066,"T","WAYNE","4",6,437,429
1332,"T/SAVANNAH","FINGER LAKES",2067,"T","WAYNE","4",6,437,429
1333,"T/SCIPIO","FINGER LAKES",2016,"T","CAYUGA","3",6,436,1465
1334,"T/SEMPRONIOUS","FINGER LAKES",2017,"T","CAYUGA","3",6,436,1465
1335,"T/SENECA","FINGER LAKES",2033,"T","ONTARIO","3",6,436,1466
1336,"T/SENECA FALLS","FINGER LAKES",1205,"T","SENECA","3",6,436,416
1337,"T/SENNETT","FINGER LAKES",2018,"T","CAYUGA","3",6,436,1465
1338,"T/SODUS","FINGER LAKES",1206,"T","WAYNE","4",6,437,429
1339,"T/SOUTH BRISTOL","FINGER LAKES",1986,"T","ONTARIO","2",6,1274,1466
1340,"T/SOUTHPORT","FINGER LAKES",2264,"T","CHEMUNG","1",6,3109,376
1341,"T/SPENCER","FINGER LAKES",1978,"T","TIOGA","1",6,3109,424
1342,"T/SPRINGPORT","FINGER LAKES",2019,"T","CAYUGA","3",6,436,1465
1343,"T/STARKEY","FINGER LAKES",2050,"T","YATES","3",6,436,432
1344,"T/STERLING","FINGER LAKES",1211,"T","CAYUGA","4",6,437,1465
1345,"T/SUMMERHILL","FINGER LAKES",2020,"T","CAYUGA","3",6,436,1465
1346,"T/THROOP","FINGER LAKES",2021,"T","CAYUGA","3",6,436,1465
1347,"T/TIOGA","FINGER LAKES",2783,"T","TIOGA","1",6,3109,424
1348,"T/TORREY","FINGER LAKES",2051,"T","YATES","3",6,436,432
1349,"T/TYRE","FINGER LAKES",2038,"T","SENECA","3",6,436,416
1350,"T/TYRONE","FINGER LAKES",1975,"T","SCHUYLER","1",6,3109,415
1351,"T/ULYSSES","FINGER LAKES",1219,"T","TOMPKINS","1",6,3109,425
1352,"T/VAN ETTEN","FINGER LAKES",1967,"T","CHEMUNG","1",6,3109,376
1353,"T/VARICK","FINGER LAKES",2039,"T","SENECA","3",6,436,416
1354,"T/VENICE","FINGER LAKES",2022,"T","CAYUGA","3",6,436,1465
1355,"T/VETERAN","FINGER LAKES",1220,"T","CHEMUNG","1",6,3109,376
1356,"T/VICTOR","FINGER LAKES",1221,"T","ONTARIO","3",6,436,1466
1357,"T/VICTORY","FINGER LAKES",2059,"T","CAYUGA","4",6,437,1465
1358,"T/W.BLOOMFIELD","FINGER LAKES",2034,"T","ONTARIO","3",6,436,1466
1359,"T/WALWORTH","FINGER LAKES",2858,"T","WAYNE","4",6,437,429
1360,"T/WATERLOO","FINGER LAKES",1226,"T","SENECA","3",6,436,416
1361,"T/WILLIAMSON","FINGER LAKES",2859,"T","WAYNE","4",6,437,429
1362,"T/WOLCOTT","FINGER LAKES",2068,"T","WAYNE","4",6,437,429
1363,"V/BURDETT","FINGER LAKES",1976,"V","SCHUYLER","1",6,3109,415
1364,"V/CANDOR","FINGER LAKES",2775,"V","TIOGA","1",6,3109,424
1365,"V/CLIFTON SPRINGS","FINGER LAKES",2565,"V","ONTARIO","3",6,436,1466
1366,"V/DUNDEE","FINGER LAKES",2053,"V","YATES","3",6,436,432
1367,"V/ELMIRA HEIGHTS","FINGER LAKES",1968,"V","CHEMUNG","1",6,3109,376
1368,"V/FREEVILLE","FINGER LAKES",2089,"V","TOMPKINS","1",6,3109,425
1369,"V/HORSEHEADS","FINGER LAKES",1969,"V","CHEMUNG","1",6,3109,376
1370,"V/INTERLAKEN","FINGER LAKES",2040,"V","SENECA","3",6,436,416
1371,"V/LODI","FINGER LAKES",2673,"V","SENECA","3",6,436,416
1372,"V/LYONS","FINGER LAKES",2069,"V","WAYNE","4",6,437,429
1373,"V/MACEDON","FINGER LAKES",2850,"V","WAYNE","4",6,437,429
1374,"V/MERIDIAN","FINGER LAKES",2217,"V","CAYUGA","4",6,437,1465
1375,"V/MILLPORT","FINGER LAKES",1256,"V","CHEMUNG","1",6,3109,376
1376,"V/MONTOUR FALLS","FINGER LAKES",1257,"V","SCHUYLER","1",6,3109,415
1377,"V/MORAVIA","FINGER LAKES",1258,"V","CAYUGA","3",6,436,1465
1378,"V/NEWARK","FINGER LAKES",2065,"V","WAYNE","4",6,437,429
1379,"V/ODESSA","FINGER LAKES",1977,"V","SCHUYLER","1",6,3109,415
1380,"V/OWEGO","FINGER LAKES",2781,"V","TIOGA","1",6,3109,424
1381,"V/PALMYRA","FINGER LAKES",2854,"V","WAYNE","4",6,437,429
1382,"V/PENN YAN","FINGER LAKES",2054,"V","YATES","3",6,436,432
1383,"V/PORT BYRON","FINGER LAKES",2023,"V","YATES","3",6,436,432
1385,"V/SENECA FALLS","FINGER LAKES",2042,"V","SENECA","3",6,436,416
1386,"V/SODUS POINT","FINGER LAKES",2070,"V","WAYNE","4",6,437,429
1387,"V/SPENCER","FINGER LAKES",2781,"V","TIOGA","1",6,3109,424
1388,"V/WATERLOO","FINGER LAKES",2043,"V","SENECA","3",6,436,416
1389,"V/WATKINS GLEN","FINGER LAKES",1273,"V","SCHUYLER","1",6,3109,415
1390,"V/WAVERLY","FINGER LAKES",1980,"V","TIOGA","1",6,3109,424
1391,"V/WEEDSPORT","FINGER LAKES",2024,"V","CAYUGA","3",6,436,1465
1392,"V/WELLSBURG","FINGER LAKES",2267,"V","CHEMUNG","1",6,3109,376
1393,"V/WOLCOTT","FINGER LAKES",2071,"V","WAYNE","4",6,437,429
1394,"C/OGDENSBURG ","THOUSAND ISLANDS",1775,"C","ST. LAWRENCE","3",1,436,420
1395,"C/WATERTOWN","THOUSAND ISLANDS",2436,"C","JEFFERSON","1",1,3109,1942
1396,"T/BRASHER","THOUSAND ISLANDS",2674,"T","ST. LAWRENCE","3",1,436,420
1397,"T/ADAMS","THOUSAND ISLANDS",1503,"T","JEFFERSON","1",1,3109,1942
1398,"T/ALEXANDRIA","THOUSAND ISLANDS",1042,"T","JEFFERSON","2",1,1274,1942
1399,"T/ANTWERP","THOUSAND ISLANDS",1515,"T","JEFFERSON","2",1,1274,1942
1400,"T/BROWNVILLE","THOUSAND ISLANDS",1547,"T","JEFFERSON","1",1,3109,1942
1401,"T/CANTON ","THOUSAND ISLANDS",2675,"T","ST. LAWRENCE","3",1,436,420
1402,"T/CAPE VINCENT","THOUSAND ISLANDS",1060,"T","JEFFERSON","2",1,1274,1942
1403,"T/CHAMPION","THOUSAND ISLANDS",1561,"T","JEFFERSON","1",1,3109,1942
1404,"T/CLARE ","THOUSAND ISLANDS",1570,"T","ST. LAWRENCE","3",1,436,420
1405,"T/CLAYTON","THOUSAND ISLANDS",2429,"T","JEFFERSON","2",1,1274,1942
1406,"T/CLIFTON ","THOUSAND ISLANDS",1576,"T","ST. LAWRENCE","3",1,436,420
1407,"T/COLTON ","THOUSAND ISLANDS",1073,"T","ST. LAWRENCE","3",1,436,420
1408,"T/CROGHAN","THOUSAND ISLANDS",1594,"T","LEWIS","1",1,3109,390
1409,"T/DEKALB ","THOUSAND ISLANDS",1600,"T","ST. LAWRENCE","3",1,436,420
1410,"T/DENMARK","THOUSAND ISLANDS",1603,"T","LEWIS","1",1,3109,390
1411,"T/DEPEYSTER ","THOUSAND ISLANDS",1604,"T","ST. LAWRENCE","3",1,436,420
1412,"T/DIANA","THOUSAND ISLANDS",1609,"T","LEWIS","1",1,3109,390
1413,"T/EDWARDS ","THOUSAND ISLANDS",1618,"T","ST. LAWRENCE","3",1,436,420
1414,"T/ELLISBURG","THOUSAND ISLANDS",1091,"T","JEFFERSON","1",1,3109,1942
1415,"T/FINE ","THOUSAND ISLANDS",1626,"T","ST. LAWRENCE","3",1,436,420
1416,"T/FOWLER ","THOUSAND ISLANDS",1632,"T","ST. LAWRENCE","3",1,436,420
1417,"T/GOUVERNEUR ","THOUSAND ISLANDS",1648,"T","ST. LAWRENCE","3",1,436,420
1418,"T/GREIG","THOUSAND ISLANDS",1654,"T","LEWIS","1",1,3109,390
1419,"T/HAMMOND ","THOUSAND ISLANDS",1114,"T","ST. LAWRENCE","3",1,436,420
1420,"T/HARRISBURG","THOUSAND ISLANDS",1665,"T","LEWIS","1",1,3109,390
1421,"T/HENDERSON","THOUSAND ISLANDS",1117,"T","JEFFERSON","1",1,3109,1942
1422,"T/HERMON ","THOUSAND ISLANDS",1672,"T","ST. LAWRENCE","3",1,436,420
1423,"T/HOPKINTON ","THOUSAND ISLANDS",1679,"T","ST. LAWRENCE","3",1,436,420
1424,"T/HOUNSFIELD","THOUSAND ISLANDS",1680,"T","JEFFERSON","1",1,3109,1942
1425,"T/LAWRENCE ","THOUSAND ISLANDS",1698,"T","ST. LAWRENCE","3",1,436,420
1426,"T/LERAY","THOUSAND ISLANDS",1701,"T","JEFFERSON","1",1,3109,1942
1427,"T/LEWIS","THOUSAND ISLANDS",1702,"T","LEWIS","1",1,3109,390
1428,"T/LEYDEN","THOUSAND ISLANDS",2444,"T","LEWIS","1",1,3109,390
1429,"T/LISBON ","THOUSAND ISLANDS",1135,"T","ST. LAWRENCE","3",1,436,420
1430,"T/LORRAINE","THOUSAND ISLANDS",1709,"T","JEFFERSON","1",1,3109,1942
1431,"T/LOUISVILLE ","THOUSAND ISLANDS",1140,"T","ST. LAWRENCE","3",1,436,420
1432,"T/LOWVILLE","THOUSAND ISLANDS",2445,"T","LEWIS","1",1,3109,390
1433,"T/LYME","THOUSAND ISLANDS",1141,"T","JEFFERSON","1",1,3109,1942
1434,"T/LYONSDALE","THOUSAND ISLANDS",2447,"T","LEWIS","1",1,3109,390
1435,"T/MACOMB ","THOUSAND ISLANDS",1713,"T","ST. LAWRENCE","3",1,436,420
1436,"T/MADRID ","THOUSAND ISLANDS",1716,"T","ST. LAWRENCE","3",1,436,420
1437,"T/MARTINSBURG","THOUSAND ISLANDS",2448,"T","LEWIS","1",1,3109,390
1438,"T/MASSENA ","THOUSAND ISLANDS",1146,"T","ST. LAWRENCE","3",1,436,420
1439,"T/MONTAGUE","THOUSAND ISLANDS",1746,"T","LEWIS","1",1,3109,390
1440,"T/MORRISTOWN ","THOUSAND ISLANDS",1156,"T","ST. LAWRENCE","3",1,436,420
1441,"T/NEW BREMEN","THOUSAND ISLANDS",1759,"T","LEWIS","1",1,3109,390
1442,"T/NORFOLK ","THOUSAND ISLANDS",1765,"T","ST. LAWRENCE","3",1,436,420
1443,"T/ORLEANS","THOUSAND ISLANDS",1171,"T","JEFFERSON","2",1,1274,1942
1444,"T/OSCEOLA","THOUSAND ISLANDS",1784,"T","LEWIS","1",1,3109,390
1445,"T/OSWEGATCHIE ","THOUSAND ISLANDS",1173,"T","ST. LAWRENCE","3",1,436,420
1446,"T/PAMELIA","THOUSAND ISLANDS",1795,"T","JEFFERSON","2",1,1274,1942
1447,"T/PARISHVILLE ","THOUSAND ISLANDS",1798,"T","ST. LAWRENCE","3",1,436,420
1448,"T/PHILADELPHIA","THOUSAND ISLANDS",1809,"T","JEFFERSON","2",1,1274,1942
1449,"T/PIERCEFIELD ","THOUSAND ISLANDS",1812,"T","ST. LAWRENCE","3",1,436,420
1450,"T/PIERREPONT ","THOUSAND ISLANDS",1813,"T","ST. LAWRENCE","3",1,436,420
1451,"T/PINCKNEY","THOUSAND ISLANDS",1815,"T","LEWIS","1",1,3109,390
1452,"T/PITCAIRN ","THOUSAND ISLANDS",1817,"T","ST. LAWRENCE","3",1,436,420
1453,"T/POTSDAM ","THOUSAND ISLANDS",2683,"T","ST. LAWRENCE","3",1,436,420
1454,"T/RODMAN","THOUSAND ISLANDS",1847,"T","JEFFERSON","1",1,3109,1942
1455,"T/ROSSIE ","THOUSAND ISLANDS",1849,"T","ST. LAWRENCE","3",1,436,420
1456,"T/RUSSELL ","THOUSAND ISLANDS",1852,"T","ST. LAWRENCE","3",1,436,420
1457,"T/RUTLAND","THOUSAND ISLANDS",1195,"T","JEFFERSON","1",1,3109,1942
1458,"T/STOCKHOLM ","THOUSAND ISLANDS",1886,"T","ST. LAWRENCE","3",1,436,420
1459,"T/THERESA","THOUSAND ISLANDS",1892,"T","JEFFERSON","2",1,1274,1942
1460,"T/TURIN","THOUSAND ISLANDS",1901,"T","LEWIS","1",1,3109,390
1461,"T/WADDINGTON ","THOUSAND ISLANDS",1222,"T","ST. LAWRENCE","3",1,436,420
1462,"T/WATERTOWN","THOUSAND ISLANDS",1227,"T","JEFFERSON","1",1,3109,1942
1463,"T/WATSON","THOUSAND ISLANDS",1919,"T","LEWIS","1",1,3109,390
1464,"T/WEST TURIN","THOUSAND ISLANDS",1923,"T","LEWIS","1",1,3109,390
1465,"T/WILNA","THOUSAND ISLANDS",1931,"T","JEFFERSON","1",1,3109,1942
1466,"T/WORTH","THOUSAND ISLANDS",1936,"T","JEFFERSON","1",1,3109,1942
1467,"V/THERESA","THOUSAND ISLANDS",1893,"V","JEFFERSON","2",1,1274,1942
1468,"V/ADAMS","THOUSAND ISLANDS",2423,"V","JEFFERSON","1",1,3109,1942
1469,"V/ALEXANDRIA BAY","THOUSAND ISLANDS",2424,"V","JEFFERSON","2",1,1274,1942
1470,"V/BROWNVILLE","THOUSAND ISLANDS",1548,"V","JEFFERSON","1",1,3109,1942
1471,"V/CANTON","THOUSAND ISLANDS",1558,"V","ST. LAWRENCE","3",1,436,420
1472,"V/CARTHAGE","THOUSAND ISLANDS",1560,"V","JEFFERSON","1",1,3109,1942
1473,"V/CLAYTON","THOUSAND ISLANDS",2430,"V","JEFFERSON","2",1,1274,1942
1474,"V/DEXTER","THOUSAND ISLANDS",1608,"V","JEFFERSON","1",1,3109,1942
1475,"V/GLEN PARK","THOUSAND ISLANDS",1647,"V","JEFFERSON","1",1,3109,1942
1476,"V/LOWVILLE","THOUSAND ISLANDS",1710,"V","LEWIS","1",1,3109,390
1477,"V/MASSENA ","THOUSAND ISLANDS",1728,"V","ST. LAWRENCE","3",1,436,420
1478,"V/PORT LEYDEN","THOUSAND ISLANDS",2449,"V","LEWIS","1",1,3109,390
1479,"V/POTSDAM ","THOUSAND ISLANDS",1829,"V","ST. LAWRENCE","3",1,436,420
1480,"V/W.CARTHAGE","THOUSAND ISLANDS",1921,"V","JEFFERSON","1",1,3109,1942
1580,"T/ALTONA","THOUSAND ISLANDS",1510,"T","CLINTON","4",1,437,378
1581,"T/AUSABLE","THOUSAND ISLANDS",1521,"T","CLINTON","4",1,437,378
1582,"T/BEEKMANTOWN","THOUSAND ISLANDS",1048,"T","CLINTON","4",1,437,378
1583,"T/BLACK BROOK","THOUSAND ISLANDS",1536,"T","CLINTON","4",1,437,378
1584,"T/CHAMPLAIN","THOUSAND ISLANDS",1066,"T","CLINTON","4",1,437,378
1585,"V/CHAMPLAIN","THOUSAND ISLANDS",2271,"V","CLINTON","4",1,437,378
1586,"T/CHAZY","THOUSAND ISLANDS",1564,"T","CLINTON","4",1,437,378
1587,"T/CLINTON","THOUSAND ISLANDS",1577,"T","CLINTON","4",1,437,378
1588,"T/DANNEMORA","THOUSAND ISLANDS",1596,"T","CLINTON","4",1,437,378
1589,"V/DANNEMORA","THOUSAND ISLANDS",2272,"V","CLINTON","4",1,437,378
1590,"T/ELLENBURG","THOUSAND ISLANDS",2273,"T","CLINTON","4",1,437,378
1591,"V/KEESEVILLE","THOUSAND ISLANDS",1691,"V","CLINTON","4",1,437,378
1592,"T/MOOERS","THOUSAND ISLANDS",1747,"T","CLINTON","4",1,437,378
1593,"T/PERU","THOUSAND ISLANDS",2274,"T","CLINTON","4",1,437,378
1594,"C/PLATTSBURGH","THOUSAND ISLANDS",1822,"C","CLINTON","4",1,437,378
1595,"T/PLATTSBURGH","THOUSAND ISLANDS",1178,"T","CLINTON","4",1,437,378
1596,"V/ROUSES POINT","THOUSAND ISLANDS",1850,"V","CLINTON","4",1,437,378
1597,"T/SARANAC","THOUSAND ISLANDS",1858,"T","CLINTON","4",1,437,378
1598,"T/SCHUYLER FALLS","THOUSAND ISLANDS",1204,"T","CLINTON","4",1,437,378
1599,"V/TRUMANSBURG","FINGER LAKES",2786,"V","TOMPKINS","1",6,3109,425
1600,"T/ADDISON","FINGER LAKES",1041,"T","STEUBEN","2",6,1274,421
1601,"V/ADDISON","FINGER LAKES",2000,"V","STEUBEN","2",6,1274,421
1602,"V/ALMOND","FINGER LAKES",2131,"V","STEUBEN","2",6,1274,421
1603,"V/ARKPORT","FINGER LAKES",2687,"V","STEUBEN","2",6,1274,421
1604,"T/AVOCA","FINGER LAKES",1989,"T","STEUBEN","2",6,1274,421
1605,"V/AVOCA","FINGER LAKES",1995,"V","STEUBEN","2",6,1274,421
1606,"T/BATH","FINGER LAKES",1990,"T","STEUBEN","2",6,1274,421
1607,"V/BATH","FINGER LAKES",2001,"V","STEUBEN","2",6,1274,421
1608,"T/BRADFORD","FINGER LAKES",1991,"T","STEUBEN","2",6,1274,421
1609,"T/CAMERON","FINGER LAKES",2688,"T","STEUBEN","2",6,1274,421
1610,"T/CAMPBELL","FINGER LAKES",1992,"T","STEUBEN","2",6,1274,421
1611,"T/CANISTEO","FINGER LAKES",2689,"T","STEUBEN","2",6,1274,421
1612,"V/CANISTEO","FINGER LAKES",2690,"V","STEUBEN","2",6,1274,421
1613,"T/CATON","FINGER LAKES",2691,"T","STEUBEN","2",6,1274,421
1614,"T/COHOCTON","FINGER LAKES",1993,"T","STEUBEN","2",6,1274,421
1615,"V/COHOCTON","FINGER LAKES",2002,"V","STEUBEN","2",6,1274,421
1616,"C/CORNING","FINGER LAKES",1988,"C","STEUBEN","2",6,1274,421
1617,"T/CORNING","FINGER LAKES",1994,"T","STEUBEN","2",6,1274,421
1618,"T/DANSVILLE","FINGER LAKES",1083,"T","STEUBEN","2",6,1274,421
1619,"T/ERWIN","FINGER LAKES",2692,"T","STEUBEN","2",6,1274,421
1620,"T/FREMONT","FINGER LAKES",2693,"T","STEUBEN","2",6,1274,421
1621,"T/GREENWOOD","FINGER LAKES",2694,"T","STEUBEN","2",6,1274,421
1622,"V/HAMMONDSPORT","FINGER LAKES",2695,"V","STEUBEN","2",6,1274,421
1623,"T/HARTSVILLE","FINGER LAKES",2696,"T","STEUBEN","2",6,1274,421
1624,"T/HORNBY","FINGER LAKES",1996,"T","STEUBEN","2",6,1274,421
1625,"C/HORNELL","FINGER LAKES",2697,"C","STEUBEN","2",6,1274,421
1626,"T/HORNELLSVILLE","FINGER LAKES",2698,"T","STEUBEN","2",6,1274,421
1627,"T/HOWARD","FINGER LAKES",2699,"T","STEUBEN","2",6,1274,421
1628,"T/JASPER","FINGER LAKES",2700,"T","STEUBEN","2",6,1274,421
1629,"T/LINDLEY","FINGER LAKES",2701,"T","STEUBEN","2",6,1274,421
1630,"V/NORTH HORNELL","FINGER LAKES",2702,"V","STEUBEN","2",6,1274,421
1631,"V/PAINTED POST","FINGER LAKES",2003,"V","STEUBEN","2",6,1274,421
1632,"T/PRATTSBURG","FINGER LAKES",2703,"T","STEUBEN","2",6,1274,421
1633,"V/PRATTSBURG","FINGER LAKES",2704,"V","STEUBEN","2",6,1274,421
1634,"T/PULTENEY","FINGER LAKES",2705,"T","STEUBEN","2",6,1274,421
1635,"T/RATHBONE","FINGER LAKES",2706,"T","STEUBEN","2",6,1274,421
1636,"V/RIVERSIDE","FINGER LAKES",2004,"V","STEUBEN","2",6,1274,421
1637,"V/SAVONA","FINGER LAKES",2005,"V","STEUBEN","2",6,1274,421
1638,"V/SOUTH CORNING","FINGER LAKES",2707,"V","STEUBEN","2",6,1274,421
1639,"T/THURSTON","FINGER LAKES",2708,"T","STEUBEN","2",6,1274,421
1640,"T/TROUPSBURG","FINGER LAKES",2709,"T","STEUBEN","2",6,1274,421
1641,"T/TUSCARORA","FINGER LAKES",2710,"T","STEUBEN","2",6,1274,421
1642,"T/URBANA","FINGER LAKES",1997,"T","STEUBEN","2",6,1274,421
1643,"T/WAYLAND","FINGER LAKES",1998,"T","STEUBEN","2",6,1274,421
1644,"V/WAYLAND","FINGER LAKES",2006,"V","STEUBEN","2",6,1274,421
1645,"T/WAYNE","FINGER LAKES",1999,"T","STEUBEN","2",6,1274,421
1646,"T/WEST UNION","FINGER LAKES",2711,"T","STEUBEN","2",6,1274,421
1647,"T/WHEELER","FINGER LAKES",2712,"T","STEUBEN","2",6,1274,421
1648,"T/WOODHULL","FINGER LAKES",2713,"T","STEUBEN","2",6,1274,421
1649,"V/WOODHULL","FINGER LAKES",2714,"V","STEUBEN","2",6,1274,421
1650,"T/SPRINGWATER","FINGER LAKES",2464,"T","LIVINGSTON","2",6,1274,391
1651,"T/CHENANGO","CENTRAL",1565,"T","BROOME","4",5,437,373
1652,"V/DEPOSIT","CENTRAL",1606,"V","BROOME","4",5,437,373
1653,"V/LISLE","CENTRAL",2169,"V","BROOME","4",5,437,373
1654,"V/PORT DICKINSON","CENTRAL",1828,"V","BROOME","4",5,437,373
1655,"V/WHITNEY POINT","CENTRAL",1928,"V","BROOME","4",5,437,373
1656,"V/WINDSOR","CENTRAL",1933,"V","BROOME","4",5,437,373
1657,"V/AURORA","FINGER LAKES",2213,"V","CAYUGA","3",6,436,1465
1658,"V/CATO","FINGER LAKES",2060,"V","CAYUGA","4",6,437,1465
1659,"V/CAYUGA","FINGER LAKES",2214,"V","CAYUGA","3",6,436,1465
1660,"V/FAIR HAVEN","FINGER LAKES",2215,"V","CAYUGA","4",6,437,1465
1661,"V/PORT BYRON","FINGER LAKES",2023,"V","CAYUGA","3",6,436,1465
1662,"V/UNION SPRINGS","FINGER LAKES",2218,"V","CAYUGA","3",6,436,1465
1663,"V/VAN ETTEN","FINGER LAKES",2265,"V","CHEMUNG","1",6,3109,376
1664,"V/SMYRNA","CENTRAL",1876,"V","CHENANGO","4",5,437,377
1665,"V/MOOERS","THOUSAND ISLANDS",,"V","CLINTON","4",1,437,378
1666,"V/HOMER","CENTRAL",2285,"V","CORTLAND","4",5,437,380
1667,"V/MARATHON","CENTRAL",2286,"V","CORTLAND","4",5,437,380
1668,"V/MCGRAW","CENTRAL",1729,"V","CORTLAND","4",5,437,380
1669,"V/ANDES","CENTRAL",1512,"V","DELAWARE","5",5,1949,381
1670,"V/DELHI","CENTRAL",1602,"V","DELAWARE","5",5,1949,381
1671,"V/FRANKLIN","CENTRAL",1635,"V","DELAWARE","5",5,1949,381
1672,"V/HOBART","CENTRAL",1675,"V","DELAWARE","5",5,1949,381
1673,"V/MARGARETVILLE","CENTRAL",1726,"V","DELAWARE","5",5,1949,381
1674,"V/COLD BROOK","CENTRAL",1580,"V","HERKIMER","5",5,1949,388
1675,"V/DOLGEVILLE","CENTRAL",1611,"V","HERKIMER","5",5,1949,388
1676,"V/POLAND","CENTRAL",1826,"V","HERKIMER","5",5,1949,388
1677,"V/ANTWERP","THOUSAND ISLANDS",2425,"V","JEFFERSON","2",1,1274,1942
1678,"V/BLACK RIVER","THOUSAND ISLANDS",2426,"V","JEFFERSON","1",1,3109,1942
1679,"V/CAPE VINCENT","THOUSAND ISLANDS",2427,"V","JEFFERSON","2",1,1274,1942
1680,"V/CHAUMONT","THOUSAND ISLANDS",2428,"V","JEFFERSON","1",1,3109,1942
1681,"V/DEFERIET","THOUSAND ISLANDS",2431,"V","JEFFERSON","1",1,3109,1942
1682,"V/ELLISBURG","THOUSAND ISLANDS",2432,"V","JEFFERSON","1",1,3109,1942
1683,"V/EVANS MILLS","THOUSAND ISLANDS",2433,"V","JEFFERSON","1",1,3109,1942
1684,"V/HERRINGS","THOUSAND ISLANDS",2434,"V","JEFFERSON","1",1,3109,1942
1685,"V/MANNSVILLE","THOUSAND ISLANDS",,"V","JEFFERSON","1",1,3109,1942
1686,"V/PHILADELPHIA","THOUSAND ISLANDS",1810,"V","JEFFERSON","2",1,1274,1942
1687,"V/SACKETS HARBOR","THOUSAND ISLANDS",1264,"V","JEFFERSON","1",1,3109,1942
1688,"V/CASTORLAND","THOUSAND ISLANDS",2438,"V","LEWIS","1",1,3109,390
1689,"V/CONSTABLEVILLE","THOUSAND ISLANDS",2439,"V","LEWIS","1",1,3109,390
1690,"V/COPENHAGEN","THOUSAND ISLANDS",2440,"V","LEWIS","1",1,3109,390
1691,"V/CROGHAN","THOUSAND ISLANDS",2441,"V","LEWIS","1",1,3109,390
1692,"V/HARRISVILLE","THOUSAND ISLANDS",2442,"V","LEWIS","1",1,3109,390
1693,"V/LYONS FALLS","THOUSAND ISLANDS",2446,"V","LEWIS","1",1,3109,390
1694,"V/TURIN","THOUSAND ISLANDS",2450,"V","LEWIS","1",1,3109,390
1695,"V/DERUYTER","CENTRAL",1607,"V","MADISON","2",5,1274,392
1696,"V/EARLVILLE","CENTRAL",1614,"V","MADISON","2",5,1274,392
1697,"V/MADISON","CENTRAL",1715,"V","MADISON","2",5,1274,392
1698,"V/MUNSVILLE","CENTRAL",1753,"V","MADISON","2",5,1274,392
1699,"T/ONEIDA","CENTRAL",1002,"T","MADISON","2",5,1274,392
1700,"V/WAMPSVILLE","CENTRAL",1914,"V","MADISON","2",5,1274,392
1701,"V/BARNVELD","CENTRAL",1529,"V","ONEIDA","1",5,3109,401
1702,"V/BRIDGEWATER","CENTRAL",1543,"V","ONEIDA","1",5,3109,401
1703,"V/CAMDEN","CENTRAL",1555,"V","ONEIDA","1",5,3109,401
1704,"V/CLAYVILLE","CENTRAL",1575,"V","ONEIDA","1",5,3109,401
1705,"V/CLINTON","CENTRAL",1578,"V","ONEIDA","1",5,3109,401
1706,"V/HOLLAND PATENT","CENTRAL",1676,"V","ONEIDA","1",5,3109,401
1707,"V/ONEIDA CASTLE","CENTRAL",1777,"V","ONEIDA","1",5,3109,401
1708,"V/PROSPECT","CENTRAL",1835,"V","ONEIDA","1",5,3109,401
1709,"V/CAMILLUS","CENTRAL",1557,"V","ONONDAGA","2",5,1274,402
1710,"V/ELBRIDGE","CENTRAL",1620,"V","ONONDAGA","2",5,1274,402
1711,"V/FABIUS","CENTRAL",1623,"V","ONONDAGA","2",5,1274,402
1712,"V/MARCELLUS","CENTRAL",1723,"V","ONONDAGA","2",5,1274,402
1713,"V/SKANEATELES","CENTRAL",2562,"V","ONONDAGA","2",5,1274,402
1714,"V/TULLY","CENTRAL",2564,"V","ONONDAGA","2",5,1274,402
1715,"V/E. BLOOMFIELD","FINGER LAKES",2026,"V","ONTARIO","3",6,436,1466
1716,"V/HOLCOMB","FINGER LAKES",0,"V","ONTARIO","3",6,436,1466
1717,"V/MANCHESTER","FINGER LAKES",2031,"V","ONTARIO","3",6,436,1466
1718,"V/NAPLES","FINGER LAKES",1985,"V","ONTARIO","2",6,1274,1466
1719,"V/PHELPS","FINGER LAKES",2032,"V","ONTARIO","3",6,436,1466
1720,"V/SHORTSVILLE","FINGER LAKES",0,"V","ONTARIO","3",6,436,1466
1721,"V/VICTOR","FINGER LAKES",1221,"V","ONTARIO","3",6,436,1466
1722,"V/ALTMAR","CENTRAL",1509,"V","OSWEGO","3",5,436,405
1723,"V/CLEVELAND","CENTRAL",1958,"V","OSWEGO","3",5,436,405
1724,"V/HANNIBAL","CENTRAL",1960,"V","OSWEGO","3",5,436,405
1725,"V/LACONA","CENTRAL",2606,"V","OSWEGO","3",5,436,405
1726,"V/MEXICO","CENTRAL",2607,"V","OSWEGO","3",5,436,405
1727,"V/PARISH","CENTRAL",1959,"V","OSWEGO","3",5,436,405
1728,"V/PHOENIX","CENTRAL",1811,"V","OSWEGO","3",5,436,405
1729,"V/SANDY CREEK","CENTRAL",2608,"V","OSWEGO","3",5,436,405
1730,"V/GILBERTSVILLE","CENTRAL",1646,"V","OTSEGO","5",5,1949,406
1731,"V/MILFORD","CENTRAL",1739,"V","OTSEGO","5",5,1949,406
1732,"V/MORRIS","CENTRAL",1749,"V","OTSEGO","5",5,1949,406
1733,"V/SCHENEVUS","CENTRAL",1860,"V","OTSEGO","5",5,1949,406
1734,"V/UNADILLA","CENTRAL",2610,"V","OTSEGO","5",5,1949,406
1735,"V/EDWARDS","THOUSAND ISLANDS",2676,"V","ST. LAWRENCE","3",1,436,420
1736,"V/GOUVERNEUR","THOUSAND ISLANDS",2677,"V","ST. LAWRENCE","3",1,436,420
1737,"V/HAMMOND","THOUSAND ISLANDS",2678,"V","ST. LAWRENCE","3",1,436,420
1738,"V/HERMON","THOUSAND ISLANDS",2679,"V","ST. LAWRENCE","3",1,436,420
1739,"V/HEUVELTON","THOUSAND ISLANDS",2680,"V","ST. LAWRENCE","3",1,436,420
1740,"V/MORRISTOWN","THOUSAND ISLANDS",2681,"V","ST. LAWRENCE","3",1,436,420
1741,"V/NORWOOD","THOUSAND ISLANDS",2682,"V","ST. LAWRENCE","3",1,436,420
1742,"V/RENSSELAER FALLS","THOUSAND ISLANDS",2684,"V","ST. LAWRENCE","3",1,436,420
1743,"V/RICHVILLE","THOUSAND ISLANDS",2685,"V","ST. LAWRENCE","3",1,436,420
1744,"V/WADDINGTON","THOUSAND ISLANDS",2686,"V","ST. LAWRENCE","3",1,436,420
1745,"V/OVID","FINGER LAKES",2673,"V","SENECA","3",6,436,416
1746,"V/NEWARK VALLEY","FINGER LAKES",2777,"V","TIOGA","1",6,3109,424
1747,"V/NICHOLS","FINGER LAKES",2779,"V","TIOGA","1",6,3109,424
1748,"V/DRYDEN","FINGER LAKES",2785,"V","TOMPKINS","1",6,3109,425
1749,"V/GROTON","FINGER LAKES",2090,"V","TOMPKINS","1",6,3109,425
1750,"V/LANSING","FINGER LAKES",2091,"V","TOMPKINS","1",6,3109,425
1751,"V/CLYDE","FINGER LAKES",2848,"V","WAYNE","4",6,437,429
1752,"V/RED CREEK","FINGER LAKES",2855,"V","WAYNE","4",6,437,429
1753,"V/SODUS","FINGER LAKES",2857,"V","WAYNE","4",6,437,429
1754,"V/DRESDEN","FINGER LAKES",2052,"V","YATES","3",6,436,432
1755,"V/RUSHVILLE","FINGER LAKES",0,"V","YATES","3",6,436,432
